date,rank,song_name,song_id,album_name,artist,release_date
2021-11-17 17:30:02.13,1,All Too Well (10 Minute Version) (Taylor's Version) (From The Vault),5enxwA8aAbwZbf5qCHORXi,Red (Taylor's Version),Taylor Swift,2021-11-12
2021-11-17 17:30:02.13,2,Easy On Me,0gplL1WMoJ6iYaPgMCL0gX,Easy On Me,Adele,2021-10-14
2021-11-17 17:30:02.13,3,STAY (with Justin Bieber),5PjdY0CKGZdEuoNab3yDmX,F*CK LOVE 3: OVER YOU,The Kid LAROI,2021-07-23
2021-11-17 17:30:02.13,4,INDUSTRY BABY (feat. Jack Harlow),5Z9KJZvQzH6PFmb8SNkxuk,MONTERO,Lil Nas X,2021-09-17
2021-11-17 17:30:02.13,5,Cold Heart - PNAU Remix,7rglLriMNBPAyuJOMGwi39,The Lockdown Sessions,Elton John,2021-10-22
2021-11-17 17:30:02.13,6,Heat Waves,02MWAaffLxlfxAUY7c5dvx,Dreamland (+ Bonus Levels),Glass Animals,2020-08-06
2021-11-17 17:30:02.13,7,Shivers,50nfwKoDiSYg8zOCREWAm5,=,Ed Sheeran,2021-10-29
2021-11-17 17:30:02.13,8,Smokin Out The Window,7sMBvZCSUl99bJLXZaLa0b,An Evening With Silk Sonic,Bruno Mars,2021-11-11
2021-11-17 17:30:02.13,9,Bad Habits,3rmo8F54jFF8OgYsqTxm5d,=,Ed Sheeran,2021-10-29
2021-11-17 17:30:02.13,10,Pepas,2B4GHvToeLTOBB4QLzW3Ni,La 167,Farruko,2021-10-01
2021-11-17 17:30:02.13,11,Enemy (with JID) - from the series Arcane League of Legends,1r9xUipOqoNwggBpENDsvJ,Enemy (with JID) [from the series Arcane League of Legends],Imagine Dragons,2021-10-28
2021-11-17 17:30:02.13,12,One Right Now (with The Weeknd),00Blm7zeNqgYLPtW6zg8cj,One Right Now,Post Malone,2021-11-05
2021-11-17 17:30:02.13,13,MONEY,7hU3IHwjX150XLoTVmjD0q,LALISA,LISA,2021-09-10
2021-11-17 17:30:02.13,14,My Universe,46HNZY1i7O6jwTA7Slo2PI,Music Of The Spheres,Coldplay,2021-10-15
2021-11-17 17:30:02.13,15,Woman,6Uj1ctrBOjOas8xZXGqKk4,Planet Her,Doja Cat,2021-06-25
2021-11-17 17:30:02.13,16,All Too Well (Taylor's Version),3nsfB1vus2qaloUdcBZvDu,Red (Taylor's Version),Taylor Swift,2021-11-12
2021-11-17 17:30:02.13,17,love nwantiti (ah ah ah),2Xr1dTzJee307rmrkt8c0g,CKay The First,CKay,2019-08-30
2021-11-17 17:30:02.13,18,Red (Taylor's Version),4OAuvHryIVv4kMDNSLuPt6,Red (Taylor's Version),Taylor Swift,2021-11-12
2021-11-17 17:30:02.13,19,love nwantiti (feat. Dj Yo! & AX'EL) - Remix,4gvrJnKCKIPiacNsWVQwEU,love nwantiti (feat. Dj Yo! & AX'EL) [Remix],CKay,2021-09-09
2021-11-17 17:30:02.13,20,SAD GIRLZ LUV MONEY Remix (feat. Kali Uchis and Moliy),15HMh4yxdf4wyxSZSlOgGZ,SAD GIRLZ LUV MONEY Remix (feat. Kali Uchis and Moliy),Amaarae,2021-09-16
2021-11-17 17:30:02.13,21,Toxic,2gQPv5jvVPqU2a9HhMNO1v,Toxic,BoyWithUke,2021-10-29
2021-11-17 17:30:02.13,22,Already Dead,7qM1BWAsZMTYh4BcYLb0uQ,Already Dead,Juice WRLD,2021-11-12
2021-11-17 17:30:02.13,23,good 4 u,4ZtFanR9U6ndgddUvNcjcG,SOUR,Olivia Rodrigo,2021-05-21
2021-11-17 17:30:02.13,24,Need to Know,3Vi5XqYrmQgOYBajMWSvCi,Planet Her,Doja Cat,2021-06-25
2021-11-17 17:30:02.13,25,THATS WHAT I WANT,0e8nrvls4Qqv5Rfa2UhqmO,MONTERO,Lil Nas X,2021-09-17
2021-11-17 17:30:02.13,26,Moth To A Flame (with The Weeknd),2gpWyfu7eZ01zzncHpxOtA,Moth To A Flame,Swedish House Mafia,2021-10-22
2021-11-17 17:30:02.13,27,Happier Than Ever,4RVwu0g32PAqgUiJoXsdF8,Happier Than Ever,Billie Eilish,2021-07-30
2021-11-17 17:30:02.13,28,Beggin',3Wrjm47oTz2sjIgck11l5e,Chosen,Måneskin,2017-12-08
2021-11-17 17:30:02.13,29,Kiss Me More (feat. SZA),3DarAbFujv6eYNliUTyqtz,Planet Her,Doja Cat,2021-06-25
2021-11-17 17:30:02.13,30,Nothing New (feat. Phoebe Bridgers) (Taylor’s Version) (From The Vault),01K4zKU104LyJ8gMb7227B,Red (Taylor's Version),Taylor Swift,2021-11-12
2021-11-17 17:30:02.13,31,Do It To It,20on25jryn53hWghthWWW3,Do It To It,ACRAZE,2021-08-20
2021-11-17 17:30:02.13,32,LA FAMA (with The Weeknd),6dmXZ9B5HdFAyzHeTneYBK,LA FAMA (with The Weeknd),ROSALÍA,2021-11-11
2021-11-17 17:30:02.13,33,I Bet You Think About Me (feat. Chris Stapleton) (Taylor’s Version) (From The Vault),4CkgMiMqZ5JzW9iYXSTMTL,Red (Taylor's Version),Taylor Swift,2021-11-12
2021-11-17 17:30:02.13,34,MONTERO (Call Me By Your Name),1SC5rEoYDGUK4NfG82494W,MONTERO,Lil Nas X,2021-09-17
2021-11-17 17:30:02.13,35,Run (feat. Ed Sheeran) (Taylor’s Version) (From The Vault),4IQkfUsrwXol38VV3U7t7T,Red (Taylor's Version),Taylor Swift,2021-11-12
2021-11-17 17:30:02.13,36,Ghost,6I3mqTwhRpn34SLVafSH7G,Justice,Justin Bieber,2021-03-19
2021-11-17 17:30:02.13,37,Blinding Lights,0VjIjW4GlUZAMYd2vXMi3b,After Hours,The Weeknd,2020-03-20
2021-11-17 17:30:02.13,38,Lo Siento BB:/ (with Bad Bunny & Julieta Venegas),4gzsuuZypVbxs0Af1LSZyB,Lo Siento BB:/ (with Bad Bunny & Julieta Venegas),Tainy,2021-10-05
2021-11-17 17:30:02.13,39,Leave The Door Open,1LPSkqVhWVRUkKE03YUkpB,An Evening With Silk Sonic,Bruno Mars,2021-11-11
2021-11-17 17:30:02.13,40,I Knew You Were Trouble (Taylor's Version),6AtZLIzUINvExIUy4QhdjP,Red (Taylor's Version),Taylor Swift,2021-11-12
2021-11-17 17:30:02.13,41,Life Goes On,0eu4C55hL6x29mmeAjytzC,"Ugly is Beautiful: Shorter, Thicker & Uglier (Deluxe)",Oliver Tree,2021-05-28
2021-11-17 17:30:02.13,42,Where Are You Now,3uUuGVFu1V7jTQL60S1r8z,Where Are You Now,Lost Frequencies,2021-07-30
2021-11-17 17:30:02.13,43,Yonaguni,2JPLbjOn0wPCngEot2STUS,Yonaguni,Bad Bunny,2021-06-04
2021-11-17 17:30:02.13,44,Meet Me At Our Spot,07MDkzWARZaLEdKxo6yArG,THE ANXIETY,THE ANXIETY,2020-03-13
2021-11-17 17:30:02.13,45,Better Days (NEIKED x Mae Muller x Polo G),6f5ExP43esnvdKPddwKXJH,Better Days (NEIKED x Mae Muller x Polo G),NEIKED,2021-09-24
2021-11-17 17:30:02.13,46,traitor,5CZ40GBx1sQ9agT82CLQCT,SOUR,Olivia Rodrigo,2021-05-21
2021-11-17 17:30:02.13,47,State Of Grace (Taylor's Version),6lzc0Al0zfZOIFsFvBS1ki,Red (Taylor's Version),Taylor Swift,2021-11-12
2021-11-17 17:30:02.13,48,22 (Taylor's Version),3yII7UwgLF6K5zW3xad3MP,Red (Taylor's Version),Taylor Swift,2021-11-12
2021-11-17 17:30:02.13,49,Enchanted,04S1pkp1VaIqjg8zZqknR5,Speak Now,Taylor Swift,2010-01-01
2021-11-17 17:30:02.13,50,I Love You So,4SqWKzw0CbA05TGszDgMlc,I Love You So,The Walters,2014-11-28
2021-11-18 16:00:04.739,1,All Too Well (10 Minute Version) (Taylor's Version) (From The Vault),5enxwA8aAbwZbf5qCHORXi,Red (Taylor's Version),Taylor Swift,2021-11-12
2021-11-18 16:00:04.739,2,Easy On Me,0gplL1WMoJ6iYaPgMCL0gX,Easy On Me,Adele,2021-10-14
2021-11-18 16:00:04.739,3,STAY (with Justin Bieber),5PjdY0CKGZdEuoNab3yDmX,F*CK LOVE 3: OVER YOU,The Kid LAROI,2021-07-23
2021-11-18 16:00:04.739,4,INDUSTRY BABY (feat. Jack Harlow),5Z9KJZvQzH6PFmb8SNkxuk,MONTERO,Lil Nas X,2021-09-17
2021-11-18 16:00:04.739,5,Cold Heart - PNAU Remix,7rglLriMNBPAyuJOMGwi39,The Lockdown Sessions,Elton John,2021-10-22
2021-11-18 16:00:04.739,6,Heat Waves,02MWAaffLxlfxAUY7c5dvx,Dreamland (+ Bonus Levels),Glass Animals,2020-08-06
2021-11-18 16:00:04.739,7,Shivers,50nfwKoDiSYg8zOCREWAm5,=,Ed Sheeran,2021-10-29
2021-11-18 16:00:04.739,8,Smokin Out The Window,7sMBvZCSUl99bJLXZaLa0b,An Evening With Silk Sonic,Bruno Mars,2021-11-11
2021-11-18 16:00:04.739,9,Bad Habits,3rmo8F54jFF8OgYsqTxm5d,=,Ed Sheeran,2021-10-29
2021-11-18 16:00:04.739,10,Pepas,2B4GHvToeLTOBB4QLzW3Ni,La 167,Farruko,2021-10-01
2021-11-18 16:00:04.739,11,Enemy (with JID) - from the series Arcane League of Legends,1r9xUipOqoNwggBpENDsvJ,Enemy (with JID) [from the series Arcane League of Legends],Imagine Dragons,2021-10-28
2021-11-18 16:00:04.739,12,One Right Now (with The Weeknd),00Blm7zeNqgYLPtW6zg8cj,One Right Now,Post Malone,2021-11-05
2021-11-18 16:00:04.739,13,MONEY,7hU3IHwjX150XLoTVmjD0q,LALISA,LISA,2021-09-10
2021-11-18 16:00:04.739,14,My Universe,46HNZY1i7O6jwTA7Slo2PI,Music Of The Spheres,Coldplay,2021-10-15
2021-11-18 16:00:04.739,15,Woman,6Uj1ctrBOjOas8xZXGqKk4,Planet Her,Doja Cat,2021-06-25
2021-11-18 16:00:04.739,16,love nwantiti (ah ah ah),2Xr1dTzJee307rmrkt8c0g,CKay The First,CKay,2019-08-30
2021-11-18 16:00:04.739,17,love nwantiti (feat. Dj Yo! & AX'EL) - Remix,4gvrJnKCKIPiacNsWVQwEU,love nwantiti (feat. Dj Yo! & AX'EL) [Remix],CKay,2021-09-09
2021-11-18 16:00:04.739,18,SAD GIRLZ LUV MONEY Remix (feat. Kali Uchis and Moliy),15HMh4yxdf4wyxSZSlOgGZ,SAD GIRLZ LUV MONEY Remix (feat. Kali Uchis and Moliy),Amaarae,2021-09-16
2021-11-18 16:00:04.739,19,good 4 u,4ZtFanR9U6ndgddUvNcjcG,SOUR,Olivia Rodrigo,2021-05-21
2021-11-18 16:00:04.739,20,Toxic,2gQPv5jvVPqU2a9HhMNO1v,Toxic,BoyWithUke,2021-10-29
2021-11-18 16:00:04.739,21,Need to Know,3Vi5XqYrmQgOYBajMWSvCi,Planet Her,Doja Cat,2021-06-25
2021-11-18 16:00:04.739,22,All Too Well (Taylor's Version),3nsfB1vus2qaloUdcBZvDu,Red (Taylor's Version),Taylor Swift,2021-11-12
2021-11-18 16:00:04.739,23,THATS WHAT I WANT,0e8nrvls4Qqv5Rfa2UhqmO,MONTERO,Lil Nas X,2021-09-17
2021-11-18 16:00:04.739,24,Moth To A Flame (with The Weeknd),2gpWyfu7eZ01zzncHpxOtA,Moth To A Flame,Swedish House Mafia,2021-10-22
2021-11-18 16:00:04.739,25,Beggin',3Wrjm47oTz2sjIgck11l5e,Chosen,Måneskin,2017-12-08
2021-11-18 16:00:04.739,26,Happier Than Ever,4RVwu0g32PAqgUiJoXsdF8,Happier Than Ever,Billie Eilish,2021-07-30
2021-11-18 16:00:04.739,27,Red (Taylor's Version),4OAuvHryIVv4kMDNSLuPt6,Red (Taylor's Version),Taylor Swift,2021-11-12
2021-11-18 16:00:04.739,28,Kiss Me More (feat. SZA),3DarAbFujv6eYNliUTyqtz,Planet Her,Doja Cat,2021-06-25
2021-11-18 16:00:04.739,29,Do It To It,20on25jryn53hWghthWWW3,Do It To It,ACRAZE,2021-08-20
2021-11-18 16:00:04.739,30,Already Dead,7qM1BWAsZMTYh4BcYLb0uQ,Already Dead,Juice WRLD,2021-11-12
2021-11-18 16:00:04.739,31,MONTERO (Call Me By Your Name),1SC5rEoYDGUK4NfG82494W,MONTERO,Lil Nas X,2021-09-17
2021-11-18 16:00:04.739,32,LA FAMA (with The Weeknd),6dmXZ9B5HdFAyzHeTneYBK,LA FAMA (with The Weeknd),ROSALÍA,2021-11-11
2021-11-18 16:00:04.739,33,Ghost,6I3mqTwhRpn34SLVafSH7G,Justice,Justin Bieber,2021-03-19
2021-11-18 16:00:04.739,34,Blinding Lights,0VjIjW4GlUZAMYd2vXMi3b,After Hours,The Weeknd,2020-03-20
2021-11-18 16:00:04.739,35,Lo Siento BB:/ (with Bad Bunny & Julieta Venegas),4gzsuuZypVbxs0Af1LSZyB,Lo Siento BB:/ (with Bad Bunny & Julieta Venegas),Tainy,2021-10-05
2021-11-18 16:00:04.739,36,Where Are You Now,3uUuGVFu1V7jTQL60S1r8z,Where Are You Now,Lost Frequencies,2021-07-30
2021-11-18 16:00:04.739,37,Nothing New (feat. Phoebe Bridgers) (Taylor’s Version) (From The Vault),01K4zKU104LyJ8gMb7227B,Red (Taylor's Version),Taylor Swift,2021-11-12
2021-11-18 16:00:04.739,38,Life Goes On,0eu4C55hL6x29mmeAjytzC,"Ugly is Beautiful: Shorter, Thicker & Uglier (Deluxe)",Oliver Tree,2021-05-28
2021-11-18 16:00:04.739,39,I Bet You Think About Me (feat. Chris Stapleton) (Taylor’s Version) (From The Vault),4CkgMiMqZ5JzW9iYXSTMTL,Red (Taylor's Version),Taylor Swift,2021-11-12
2021-11-18 16:00:04.739,40,Leave The Door Open,1LPSkqVhWVRUkKE03YUkpB,An Evening With Silk Sonic,Bruno Mars,2021-11-11
2021-11-18 16:00:04.739,41,Yonaguni,2JPLbjOn0wPCngEot2STUS,Yonaguni,Bad Bunny,2021-06-04
2021-11-18 16:00:04.739,42,Run (feat. Ed Sheeran) (Taylor’s Version) (From The Vault),4IQkfUsrwXol38VV3U7t7T,Red (Taylor's Version),Taylor Swift,2021-11-12
2021-11-18 16:00:04.739,43,Meet Me At Our Spot,07MDkzWARZaLEdKxo6yArG,THE ANXIETY,THE ANXIETY,2020-03-13
2021-11-18 16:00:04.739,44,Better Days (NEIKED x Mae Muller x Polo G),6f5ExP43esnvdKPddwKXJH,Better Days (NEIKED x Mae Muller x Polo G),NEIKED,2021-09-24
2021-11-18 16:00:04.739,45,traitor,5CZ40GBx1sQ9agT82CLQCT,SOUR,Olivia Rodrigo,2021-05-21
2021-11-18 16:00:04.739,46,I Love You So,4SqWKzw0CbA05TGszDgMlc,I Love You So,The Walters,2014-11-28
2021-11-18 16:00:04.739,47,abcdefu,4fouWK6XVHhzl78KzQ1UjL,abcdefu,GAYLE,2021-08-13
2021-11-18 16:00:04.739,48,Enchanted,04S1pkp1VaIqjg8zZqknR5,Speak Now,Taylor Swift,2010-01-01
2021-11-18 16:00:04.739,49,I Knew You Were Trouble (Taylor's Version),6AtZLIzUINvExIUy4QhdjP,Red (Taylor's Version),Taylor Swift,2021-11-12
2021-11-18 16:00:04.739,50,Sweater Weather,2QjOHCTQ1Jl3zawyYOpxh6,I Love You.,The Neighbourhood,2013-04-19
2021-11-19 16:00:02.631,1,Easy On Me,0gplL1WMoJ6iYaPgMCL0gX,Easy On Me,Adele,2021-10-14
2021-11-19 16:00:02.631,2,All Too Well (10 Minute Version) (Taylor's Version) (From The Vault),5enxwA8aAbwZbf5qCHORXi,Red (Taylor's Version),Taylor Swift,2021-11-12
2021-11-19 16:00:02.631,3,STAY (with Justin Bieber),5PjdY0CKGZdEuoNab3yDmX,F*CK LOVE 3: OVER YOU,The Kid LAROI,2021-07-23
2021-11-19 16:00:02.631,4,INDUSTRY BABY (feat. Jack Harlow),5Z9KJZvQzH6PFmb8SNkxuk,MONTERO,Lil Nas X,2021-09-17
2021-11-19 16:00:02.631,5,Cold Heart - PNAU Remix,7rglLriMNBPAyuJOMGwi39,The Lockdown Sessions,Elton John,2021-10-22
2021-11-19 16:00:02.631,6,Heat Waves,02MWAaffLxlfxAUY7c5dvx,Dreamland (+ Bonus Levels),Glass Animals,2020-08-06
2021-11-19 16:00:02.631,7,Shivers,50nfwKoDiSYg8zOCREWAm5,=,Ed Sheeran,2021-10-29
2021-11-19 16:00:02.631,8,Bad Habits,3rmo8F54jFF8OgYsqTxm5d,=,Ed Sheeran,2021-10-29
2021-11-19 16:00:02.631,9,Pepas,2B4GHvToeLTOBB4QLzW3Ni,La 167,Farruko,2021-10-01
2021-11-19 16:00:02.631,10,Smokin Out The Window,7sMBvZCSUl99bJLXZaLa0b,An Evening With Silk Sonic,Bruno Mars,2021-11-11
2021-11-19 16:00:02.631,11,Enemy (with JID) - from the series Arcane League of Legends,1r9xUipOqoNwggBpENDsvJ,Enemy (with JID) [from the series Arcane League of Legends],Imagine Dragons,2021-10-28
2021-11-19 16:00:02.631,12,MONEY,7hU3IHwjX150XLoTVmjD0q,LALISA,LISA,2021-09-10
2021-11-19 16:00:02.631,13,My Universe,46HNZY1i7O6jwTA7Slo2PI,Music Of The Spheres,Coldplay,2021-10-15
2021-11-19 16:00:02.631,14,One Right Now (with The Weeknd),00Blm7zeNqgYLPtW6zg8cj,One Right Now,Post Malone,2021-11-05
2021-11-19 16:00:02.631,15,Woman,6Uj1ctrBOjOas8xZXGqKk4,Planet Her,Doja Cat,2021-06-25
2021-11-19 16:00:02.631,16,love nwantiti (ah ah ah),2Xr1dTzJee307rmrkt8c0g,CKay The First,CKay,2019-08-30
2021-11-19 16:00:02.631,17,love nwantiti (feat. Dj Yo! & AX'EL) - Remix,4gvrJnKCKIPiacNsWVQwEU,love nwantiti (feat. Dj Yo! & AX'EL) [Remix],CKay,2021-09-09
2021-11-19 16:00:02.631,18,SAD GIRLZ LUV MONEY Remix (feat. Kali Uchis and Moliy),09gysnJpfQ3ublBmJDfcEC,SAD GIRLZ LUV MONEY Remix (feat. Kali Uchis and Moliy),Amaarae,2021-09-16
2021-11-19 16:00:02.631,19,Toxic,2gQPv5jvVPqU2a9HhMNO1v,Toxic,BoyWithUke,2021-10-29
2021-11-19 16:00:02.631,20,good 4 u,4ZtFanR9U6ndgddUvNcjcG,SOUR,Olivia Rodrigo,2021-05-21
2021-11-19 16:00:02.631,21,Need to Know,3Vi5XqYrmQgOYBajMWSvCi,Planet Her,Doja Cat,2021-06-25
2021-11-19 16:00:02.631,22,THATS WHAT I WANT,0e8nrvls4Qqv5Rfa2UhqmO,MONTERO,Lil Nas X,2021-09-17
2021-11-19 16:00:02.631,23,Do It To It,20on25jryn53hWghthWWW3,Do It To It,ACRAZE,2021-08-20
2021-11-19 16:00:02.631,24,Beggin',3Wrjm47oTz2sjIgck11l5e,Chosen,Måneskin,2017-12-08
2021-11-19 16:00:02.631,25,Moth To A Flame (with The Weeknd),2gpWyfu7eZ01zzncHpxOtA,Moth To A Flame,Swedish House Mafia,2021-10-22
2021-11-19 16:00:02.631,26,Happier Than Ever,4RVwu0g32PAqgUiJoXsdF8,Happier Than Ever,Billie Eilish,2021-07-30
2021-11-19 16:00:02.631,27,Kiss Me More (feat. SZA),3DarAbFujv6eYNliUTyqtz,Planet Her,Doja Cat,2021-06-25
2021-11-19 16:00:02.631,28,MONTERO (Call Me By Your Name),1SC5rEoYDGUK4NfG82494W,MONTERO,Lil Nas X,2021-09-17
2021-11-19 16:00:02.631,29,All Too Well (Taylor's Version),3nsfB1vus2qaloUdcBZvDu,Red (Taylor's Version),Taylor Swift,2021-11-12
2021-11-19 16:00:02.631,30,LA FAMA (with The Weeknd),6dmXZ9B5HdFAyzHeTneYBK,LA FAMA (with The Weeknd),ROSALÍA,2021-11-11
2021-11-19 16:00:02.631,31,Ghost,6I3mqTwhRpn34SLVafSH7G,Justice,Justin Bieber,2021-03-19
2021-11-19 16:00:02.631,32,Already Dead,7qM1BWAsZMTYh4BcYLb0uQ,Already Dead,Juice WRLD,2021-11-12
2021-11-19 16:00:02.631,33,Lo Siento BB:/ (with Bad Bunny & Julieta Venegas),4gzsuuZypVbxs0Af1LSZyB,Lo Siento BB:/ (with Bad Bunny & Julieta Venegas),Tainy,2021-10-05
2021-11-19 16:00:02.631,34,Red (Taylor's Version),4OAuvHryIVv4kMDNSLuPt6,Red (Taylor's Version),Taylor Swift,2021-11-12
2021-11-19 16:00:02.631,35,Blinding Lights,0VjIjW4GlUZAMYd2vXMi3b,After Hours,The Weeknd,2020-03-20
2021-11-19 16:00:02.631,36,Where Are You Now,3uUuGVFu1V7jTQL60S1r8z,Where Are You Now,Lost Frequencies,2021-07-30
2021-11-19 16:00:02.631,37,Yonaguni,2JPLbjOn0wPCngEot2STUS,Yonaguni,Bad Bunny,2021-06-04
2021-11-19 16:00:02.631,38,abcdefu,4fouWK6XVHhzl78KzQ1UjL,abcdefu,GAYLE,2021-08-13
2021-11-19 16:00:02.631,39,Life Goes On,0eu4C55hL6x29mmeAjytzC,"Ugly is Beautiful: Shorter, Thicker & Uglier (Deluxe)",Oliver Tree,2021-05-28
2021-11-19 16:00:02.631,40,Meet Me At Our Spot,07MDkzWARZaLEdKxo6yArG,THE ANXIETY,THE ANXIETY,2020-03-13
2021-11-19 16:00:02.631,41,Leave The Door Open,1LPSkqVhWVRUkKE03YUkpB,An Evening With Silk Sonic,Bruno Mars,2021-11-11
2021-11-19 16:00:02.631,42,Better Days (NEIKED x Mae Muller x Polo G),6f5ExP43esnvdKPddwKXJH,Better Days (NEIKED x Mae Muller x Polo G),NEIKED,2021-09-24
2021-11-19 16:00:02.631,43,traitor,5CZ40GBx1sQ9agT82CLQCT,SOUR,Olivia Rodrigo,2021-05-21
2021-11-19 16:00:02.631,44,All Too Well (Sad Girl Autumn Version) - Recorded at Long Pond Studios,1n3b9Eekoy3S9ZSZ5DmTW1,All Too Well (Sad Girl Autumn Version) - Recorded at Long Pond Studios,Taylor Swift,2021-11-18
2021-11-19 16:00:02.631,45,I Love You So,4SqWKzw0CbA05TGszDgMlc,I Love You So,The Walters,2014-11-28
2021-11-19 16:00:02.631,46,Enchanted,04S1pkp1VaIqjg8zZqknR5,Speak Now,Taylor Swift,2010-01-01
2021-11-19 16:00:02.631,47,Run (feat. Ed Sheeran) (Taylor’s Version) (From The Vault),4IQkfUsrwXol38VV3U7t7T,Red (Taylor's Version),Taylor Swift,2021-11-12
2021-11-19 16:00:02.631,48,I Bet You Think About Me (feat. Chris Stapleton) (Taylor’s Version) (From The Vault),4CkgMiMqZ5JzW9iYXSTMTL,Red (Taylor's Version),Taylor Swift,2021-11-12
2021-11-19 16:00:02.631,49,Nothing New (feat. Phoebe Bridgers) (Taylor’s Version) (From The Vault),01K4zKU104LyJ8gMb7227B,Red (Taylor's Version),Taylor Swift,2021-11-12
2021-11-19 16:00:02.631,50,Todo De Ti,5RwV8BvLfX5injfqYodke9,VICE VERSA,Rauw Alejandro,2021-06-25
2021-11-20 16:00:02.889,1,Easy On Me,46IZ0fSY2mpAiktS3KOqds,30,Adele,2021-11-19
2021-11-20 16:00:02.889,2,Oh My God,3Kkjo3cT83cw09VJyrLNwX,30,Adele,2021-11-19
2021-11-20 16:00:02.889,3,Strangers By Nature,13CVSGLSFl4UxpDVR6u3dq,30,Adele,2021-11-19
2021-11-20 16:00:02.889,4,STAY (with Justin Bieber),5PjdY0CKGZdEuoNab3yDmX,F*CK LOVE 3: OVER YOU,The Kid LAROI,2021-07-23
2021-11-20 16:00:02.889,5,My Little Love,2DuPBbS5mIldXnh7Wum8Cy,30,Adele,2021-11-19
2021-11-20 16:00:02.889,6,All Too Well (10 Minute Version) (Taylor's Version) (From The Vault),5enxwA8aAbwZbf5qCHORXi,Red (Taylor's Version),Taylor Swift,2021-11-12
2021-11-20 16:00:02.889,7,Can I Get It,6w8ZPYdnGajyfPddTWdthN,30,Adele,2021-11-19
2021-11-20 16:00:02.889,8,I Drink Wine,6v0UJD4a2FtleHeSYVX02A,30,Adele,2021-11-19
2021-11-20 16:00:02.889,9,INDUSTRY BABY (feat. Jack Harlow),5Z9KJZvQzH6PFmb8SNkxuk,MONTERO,Lil Nas X,2021-09-17
2021-11-20 16:00:02.889,10,Cry Your Heart Out,09u787BYeYIGd2mFIJ505t,30,Adele,2021-11-19
2021-11-20 16:00:02.889,11,Cold Heart - PNAU Remix,7rglLriMNBPAyuJOMGwi39,The Lockdown Sessions,Elton John,2021-10-22
2021-11-20 16:00:02.889,12,Heat Waves,02MWAaffLxlfxAUY7c5dvx,Dreamland (+ Bonus Levels),Glass Animals,2020-08-06
2021-11-20 16:00:02.889,13,To Be Loved,10ImcQk9tihY1EKMDIbvXJ,30,Adele,2021-11-19
2021-11-20 16:00:02.889,14,Shivers,50nfwKoDiSYg8zOCREWAm5,=,Ed Sheeran,2021-10-29
2021-11-20 16:00:02.889,15,All Night Parking (with Erroll Garner) Interlude,496vIKS2INz840xZaKncvR,30,Adele,2021-11-19
2021-11-20 16:00:02.889,16,Woman Like Me,2c6xRsQBv7pynuhYhWoHxo,30,Adele,2021-11-19
2021-11-20 16:00:02.889,17,Hold On,6bGMSP3H9YqkmaLnaJTIoF,30,Adele,2021-11-19
2021-11-20 16:00:02.889,18,Pepas,2B4GHvToeLTOBB4QLzW3Ni,La 167,Farruko,2021-10-01
2021-11-20 16:00:02.889,19,Bad Habits,3rmo8F54jFF8OgYsqTxm5d,=,Ed Sheeran,2021-10-29
2021-11-20 16:00:02.889,20,Smokin Out The Window,7sMBvZCSUl99bJLXZaLa0b,An Evening With Silk Sonic,Bruno Mars,2021-11-11
2021-11-20 16:00:02.889,21,Love Is A Game,2j3GxEsbNYNeEzz86wDY4J,30,Adele,2021-11-19
2021-11-20 16:00:02.889,22,Enemy (with JID) - from the series Arcane League of Legends,1r9xUipOqoNwggBpENDsvJ,Enemy (with JID) [from the series Arcane League of Legends],Imagine Dragons,2021-10-28
2021-11-20 16:00:02.889,23,MONEY,7hU3IHwjX150XLoTVmjD0q,LALISA,LISA,2021-09-10
2021-11-20 16:00:02.889,24,My Universe,46HNZY1i7O6jwTA7Slo2PI,Music Of The Spheres,Coldplay,2021-10-15
2021-11-20 16:00:02.889,25,Woman,6Uj1ctrBOjOas8xZXGqKk4,Planet Her,Doja Cat,2021-06-25
2021-11-20 16:00:02.889,26,One Right Now (with The Weeknd),00Blm7zeNqgYLPtW6zg8cj,One Right Now,Post Malone,2021-11-05
2021-11-20 16:00:02.889,27,love nwantiti (ah ah ah),2Xr1dTzJee307rmrkt8c0g,CKay The First,CKay,2019-08-30
2021-11-20 16:00:02.889,28,Do It To It,20on25jryn53hWghthWWW3,Do It To It,ACRAZE,2021-08-20
2021-11-20 16:00:02.889,29,love nwantiti (feat. Dj Yo! & AX'EL) - Remix,4gvrJnKCKIPiacNsWVQwEU,love nwantiti (feat. Dj Yo! & AX'EL) [Remix],CKay,2021-09-09
2021-11-20 16:00:02.889,30,SAD GIRLZ LUV MONEY Remix (feat. Kali Uchis and Moliy),09gysnJpfQ3ublBmJDfcEC,SAD GIRLZ LUV MONEY Remix (feat. Kali Uchis and Moliy),Amaarae,2021-09-16
2021-11-20 16:00:02.889,31,good 4 u,4ZtFanR9U6ndgddUvNcjcG,SOUR,Olivia Rodrigo,2021-05-21
2021-11-20 16:00:02.889,32,THATS WHAT I WANT,0e8nrvls4Qqv5Rfa2UhqmO,MONTERO,Lil Nas X,2021-09-17
2021-11-20 16:00:02.889,33,Beggin',3Wrjm47oTz2sjIgck11l5e,Chosen,Måneskin,2017-12-08
2021-11-20 16:00:02.889,34,Need to Know,3Vi5XqYrmQgOYBajMWSvCi,Planet Her,Doja Cat,2021-06-25
2021-11-20 16:00:02.889,35,abcdefu,4fouWK6XVHhzl78KzQ1UjL,abcdefu,GAYLE,2021-08-13
2021-11-20 16:00:02.889,36,Toxic,2gQPv5jvVPqU2a9HhMNO1v,Toxic,BoyWithUke,2021-10-29
2021-11-20 16:00:02.889,37,Moth To A Flame (with The Weeknd),2gpWyfu7eZ01zzncHpxOtA,Moth To A Flame,Swedish House Mafia,2021-10-22
2021-11-20 16:00:02.889,38,Kiss Me More (feat. SZA),3DarAbFujv6eYNliUTyqtz,Planet Her,Doja Cat,2021-06-25
2021-11-20 16:00:02.889,39,MONTERO (Call Me By Your Name),1SC5rEoYDGUK4NfG82494W,MONTERO,Lil Nas X,2021-09-17
2021-11-20 16:00:02.889,40,Ghost,6I3mqTwhRpn34SLVafSH7G,Justice,Justin Bieber,2021-03-19
2021-11-20 16:00:02.889,41,Happier Than Ever,4RVwu0g32PAqgUiJoXsdF8,Happier Than Ever,Billie Eilish,2021-07-30
2021-11-20 16:00:02.889,42,Where Are You Now,3uUuGVFu1V7jTQL60S1r8z,Where Are You Now,Lost Frequencies,2021-07-30
2021-11-20 16:00:02.889,43,LA FAMA (with The Weeknd),6dmXZ9B5HdFAyzHeTneYBK,LA FAMA (with The Weeknd),ROSALÍA,2021-11-11
2021-11-20 16:00:02.889,44,Lo Siento BB:/ (with Bad Bunny & Julieta Venegas),4gzsuuZypVbxs0Af1LSZyB,Lo Siento BB:/ (with Bad Bunny & Julieta Venegas),Tainy,2021-10-05
2021-11-20 16:00:02.889,45,Blinding Lights,0VjIjW4GlUZAMYd2vXMi3b,After Hours,The Weeknd,2020-03-20
2021-11-20 16:00:02.889,46,Yonaguni,2JPLbjOn0wPCngEot2STUS,Yonaguni,Bad Bunny,2021-06-04
2021-11-20 16:00:02.889,47,Already Dead,7qM1BWAsZMTYh4BcYLb0uQ,Already Dead,Juice WRLD,2021-11-12
2021-11-20 16:00:02.889,48,Life Goes On,0eu4C55hL6x29mmeAjytzC,"Ugly is Beautiful: Shorter, Thicker & Uglier (Deluxe)",Oliver Tree,2021-05-28
2021-11-20 16:00:02.889,49,Meet Me At Our Spot,07MDkzWARZaLEdKxo6yArG,THE ANXIETY,THE ANXIETY,2020-03-13
2021-11-20 16:00:02.889,50,All Too Well (Taylor's Version),3nsfB1vus2qaloUdcBZvDu,Red (Taylor's Version),Taylor Swift,2021-11-12
2021-11-21 16:00:02.386,1,Easy On Me,46IZ0fSY2mpAiktS3KOqds,30,Adele,2021-11-19
2021-11-21 16:00:02.386,2,STAY (with Justin Bieber),5PjdY0CKGZdEuoNab3yDmX,F*CK LOVE 3: OVER YOU,The Kid LAROI,2021-07-23
2021-11-21 16:00:02.386,3,Oh My God,3Kkjo3cT83cw09VJyrLNwX,30,Adele,2021-11-19
2021-11-21 16:00:02.386,4,INDUSTRY BABY (feat. Jack Harlow),5Z9KJZvQzH6PFmb8SNkxuk,MONTERO,Lil Nas X,2021-09-17
2021-11-21 16:00:02.386,5,All Too Well (10 Minute Version) (Taylor's Version) (From The Vault),5enxwA8aAbwZbf5qCHORXi,Red (Taylor's Version),Taylor Swift,2021-11-12
2021-11-21 16:00:02.386,6,Cold Heart - PNAU Remix,7rglLriMNBPAyuJOMGwi39,The Lockdown Sessions,Elton John,2021-10-22
2021-11-21 16:00:02.386,7,Heat Waves,02MWAaffLxlfxAUY7c5dvx,Dreamland (+ Bonus Levels),Glass Animals,2020-08-06
2021-11-21 16:00:02.386,8,Shivers,50nfwKoDiSYg8zOCREWAm5,=,Ed Sheeran,2021-10-29
2021-11-21 16:00:02.386,9,Can I Get It,6w8ZPYdnGajyfPddTWdthN,30,Adele,2021-11-19
2021-11-21 16:00:02.386,10,Pepas,2B4GHvToeLTOBB4QLzW3Ni,La 167,Farruko,2021-10-01
2021-11-21 16:00:02.386,11,I Drink Wine,6v0UJD4a2FtleHeSYVX02A,30,Adele,2021-11-19
2021-11-21 16:00:02.386,12,My Little Love,2DuPBbS5mIldXnh7Wum8Cy,30,Adele,2021-11-19
2021-11-21 16:00:02.386,13,Strangers By Nature,13CVSGLSFl4UxpDVR6u3dq,30,Adele,2021-11-19
2021-11-21 16:00:02.386,14,To Be Loved,10ImcQk9tihY1EKMDIbvXJ,30,Adele,2021-11-19
2021-11-21 16:00:02.386,15,Cry Your Heart Out,09u787BYeYIGd2mFIJ505t,30,Adele,2021-11-19
2021-11-21 16:00:02.386,16,Smokin Out The Window,7sMBvZCSUl99bJLXZaLa0b,An Evening With Silk Sonic,Bruno Mars,2021-11-11
2021-11-21 16:00:02.386,17,Bad Habits,3rmo8F54jFF8OgYsqTxm5d,=,Ed Sheeran,2021-10-29
2021-11-21 16:00:02.386,18,Enemy (with JID) - from the series Arcane League of Legends,1r9xUipOqoNwggBpENDsvJ,Enemy (with JID) [from the series Arcane League of Legends],Imagine Dragons,2021-10-28
2021-11-21 16:00:02.386,19,Woman,6Uj1ctrBOjOas8xZXGqKk4,Planet Her,Doja Cat,2021-06-25
2021-11-21 16:00:02.386,20,MONEY,7hU3IHwjX150XLoTVmjD0q,LALISA,LISA,2021-09-10
2021-11-21 16:00:02.386,21,My Universe,46HNZY1i7O6jwTA7Slo2PI,Music Of The Spheres,Coldplay,2021-10-15
2021-11-21 16:00:02.386,22,love nwantiti (ah ah ah),2Xr1dTzJee307rmrkt8c0g,CKay The First,CKay,2019-08-30
2021-11-21 16:00:02.386,23,One Right Now (with The Weeknd),00Blm7zeNqgYLPtW6zg8cj,One Right Now,Post Malone,2021-11-05
2021-11-21 16:00:02.386,24,All Night Parking (with Erroll Garner) Interlude,496vIKS2INz840xZaKncvR,30,Adele,2021-11-19
2021-11-21 16:00:02.386,25,Woman Like Me,2c6xRsQBv7pynuhYhWoHxo,30,Adele,2021-11-19
2021-11-21 16:00:02.386,26,Hold On,6bGMSP3H9YqkmaLnaJTIoF,30,Adele,2021-11-19
2021-11-21 16:00:02.386,27,Do It To It,20on25jryn53hWghthWWW3,Do It To It,ACRAZE,2021-08-20
2021-11-21 16:00:02.386,28,love nwantiti (feat. Dj Yo! & AX'EL) - Remix,4gvrJnKCKIPiacNsWVQwEU,love nwantiti (feat. Dj Yo! & AX'EL) [Remix],CKay,2021-09-09
2021-11-21 16:00:02.386,29,Toxic,2gQPv5jvVPqU2a9HhMNO1v,Toxic,BoyWithUke,2021-10-29
2021-11-21 16:00:02.386,30,good 4 u,4ZtFanR9U6ndgddUvNcjcG,SOUR,Olivia Rodrigo,2021-05-21
2021-11-21 16:00:02.386,31,Beggin',3Wrjm47oTz2sjIgck11l5e,Chosen,Måneskin,2017-12-08
2021-11-21 16:00:02.386,32,SAD GIRLZ LUV MONEY Remix (feat. Kali Uchis and Moliy),09gysnJpfQ3ublBmJDfcEC,SAD GIRLZ LUV MONEY Remix (feat. Kali Uchis and Moliy),Amaarae,2021-09-16
2021-11-21 16:00:02.386,33,Love Is A Game,2j3GxEsbNYNeEzz86wDY4J,30,Adele,2021-11-19
2021-11-21 16:00:02.386,34,THATS WHAT I WANT,0e8nrvls4Qqv5Rfa2UhqmO,MONTERO,Lil Nas X,2021-09-17
2021-11-21 16:00:02.386,35,abcdefu,4fouWK6XVHhzl78KzQ1UjL,abcdefu,GAYLE,2021-08-13
2021-11-21 16:00:02.386,36,Need to Know,3Vi5XqYrmQgOYBajMWSvCi,Planet Her,Doja Cat,2021-06-25
2021-11-21 16:00:02.386,37,Kiss Me More (feat. SZA),3DarAbFujv6eYNliUTyqtz,Planet Her,Doja Cat,2021-06-25
2021-11-21 16:00:02.386,38,MONTERO (Call Me By Your Name),1SC5rEoYDGUK4NfG82494W,MONTERO,Lil Nas X,2021-09-17
2021-11-21 16:00:02.386,39,Ghost,6I3mqTwhRpn34SLVafSH7G,Justice,Justin Bieber,2021-03-19
2021-11-21 16:00:02.386,40,Moth To A Flame (with The Weeknd),2gpWyfu7eZ01zzncHpxOtA,Moth To A Flame,Swedish House Mafia,2021-10-22
2021-11-21 16:00:02.386,41,Lo Siento BB:/ (with Bad Bunny & Julieta Venegas),4gzsuuZypVbxs0Af1LSZyB,Lo Siento BB:/ (with Bad Bunny & Julieta Venegas),Tainy,2021-10-05
2021-11-21 16:00:02.386,42,Where Are You Now,3uUuGVFu1V7jTQL60S1r8z,Where Are You Now,Lost Frequencies,2021-07-30
2021-11-21 16:00:02.386,43,Yonaguni,2JPLbjOn0wPCngEot2STUS,Yonaguni,Bad Bunny,2021-06-04
2021-11-21 16:00:02.386,44,Blinding Lights,0VjIjW4GlUZAMYd2vXMi3b,After Hours,The Weeknd,2020-03-20
2021-11-21 16:00:02.386,45,All I Want for Christmas Is You,0bYg9bo50gSsH3LtXe2SQn,Merry Christmas,Mariah Carey,1994-11-01
2021-11-21 16:00:02.386,46,Happier Than Ever,4RVwu0g32PAqgUiJoXsdF8,Happier Than Ever,Billie Eilish,2021-07-30
2021-11-21 16:00:02.386,47,LA FAMA (with The Weeknd),6dmXZ9B5HdFAyzHeTneYBK,LA FAMA (with The Weeknd),ROSALÍA,2021-11-11
2021-11-21 16:00:02.386,48,Life Goes On,0eu4C55hL6x29mmeAjytzC,"Ugly is Beautiful: Shorter, Thicker & Uglier (Deluxe)",Oliver Tree,2021-05-28
2021-11-21 16:00:02.386,49,Meet Me At Our Spot,07MDkzWARZaLEdKxo6yArG,THE ANXIETY,THE ANXIETY,2020-03-13
2021-11-21 16:00:02.386,50,Better Days (NEIKED x Mae Muller x Polo G),6f5ExP43esnvdKPddwKXJH,Better Days (NEIKED x Mae Muller x Polo G),NEIKED,2021-09-24
2021-11-22 16:00:03.597,1,Easy On Me,46IZ0fSY2mpAiktS3KOqds,30,Adele,2021-11-19
2021-11-22 16:00:03.597,2,STAY (with Justin Bieber),5PjdY0CKGZdEuoNab3yDmX,F*CK LOVE 3: OVER YOU,The Kid LAROI,2021-07-23
2021-11-22 16:00:03.597,3,Oh My God,3Kkjo3cT83cw09VJyrLNwX,30,Adele,2021-11-19
2021-11-22 16:00:03.597,4,INDUSTRY BABY (feat. Jack Harlow),5Z9KJZvQzH6PFmb8SNkxuk,MONTERO,Lil Nas X,2021-09-17
2021-11-22 16:00:03.597,5,All Too Well (10 Minute Version) (Taylor's Version) (From The Vault),5enxwA8aAbwZbf5qCHORXi,Red (Taylor's Version),Taylor Swift,2021-11-12
2021-11-22 16:00:03.597,6,Cold Heart - PNAU Remix,7rglLriMNBPAyuJOMGwi39,The Lockdown Sessions,Elton John,2021-10-22
2021-11-22 16:00:03.597,7,Heat Waves,02MWAaffLxlfxAUY7c5dvx,Dreamland (+ Bonus Levels),Glass Animals,2020-08-06
2021-11-22 16:00:03.597,8,Shivers,50nfwKoDiSYg8zOCREWAm5,=,Ed Sheeran,2021-10-29
2021-11-22 16:00:03.597,9,Pepas,2B4GHvToeLTOBB4QLzW3Ni,La 167,Farruko,2021-10-01
2021-11-22 16:00:03.597,10,Can I Get It,6w8ZPYdnGajyfPddTWdthN,30,Adele,2021-11-19
2021-11-22 16:00:03.597,11,Bad Habits,3rmo8F54jFF8OgYsqTxm5d,=,Ed Sheeran,2021-10-29
2021-11-22 16:00:03.597,12,My Little Love,2DuPBbS5mIldXnh7Wum8Cy,30,Adele,2021-11-19
2021-11-22 16:00:03.597,13,I Drink Wine,6v0UJD4a2FtleHeSYVX02A,30,Adele,2021-11-19
2021-11-22 16:00:03.597,14,Enemy (with JID) - from the series Arcane League of Legends,1r9xUipOqoNwggBpENDsvJ,Enemy (with JID) [from the series Arcane League of Legends],Imagine Dragons,2021-10-28
2021-11-22 16:00:03.597,15,Smokin Out The Window,7sMBvZCSUl99bJLXZaLa0b,An Evening With Silk Sonic,Bruno Mars,2021-11-11
2021-11-22 16:00:03.597,16,Strangers By Nature,13CVSGLSFl4UxpDVR6u3dq,30,Adele,2021-11-19
2021-11-22 16:00:03.597,17,MONEY,7hU3IHwjX150XLoTVmjD0q,LALISA,LISA,2021-09-10
2021-11-22 16:00:03.597,18,Woman,6Uj1ctrBOjOas8xZXGqKk4,Planet Her,Doja Cat,2021-06-25
2021-11-22 16:00:03.597,19,My Universe,46HNZY1i7O6jwTA7Slo2PI,Music Of The Spheres,Coldplay,2021-10-15
2021-11-22 16:00:03.597,20,Cry Your Heart Out,09u787BYeYIGd2mFIJ505t,30,Adele,2021-11-19
2021-11-22 16:00:03.597,21,To Be Loved,10ImcQk9tihY1EKMDIbvXJ,30,Adele,2021-11-19
2021-11-22 16:00:03.597,22,love nwantiti (ah ah ah),2Xr1dTzJee307rmrkt8c0g,CKay The First,CKay,2019-08-30
2021-11-22 16:00:03.597,23,One Right Now (with The Weeknd),00Blm7zeNqgYLPtW6zg8cj,One Right Now,Post Malone,2021-11-05
2021-11-22 16:00:03.597,24,Toxic,2gQPv5jvVPqU2a9HhMNO1v,Toxic,BoyWithUke,2021-10-29
2021-11-22 16:00:03.597,25,abcdefu,4fouWK6XVHhzl78KzQ1UjL,abcdefu,GAYLE,2021-08-13
2021-11-22 16:00:03.597,26,love nwantiti (feat. Dj Yo! & AX'EL) - Remix,4gvrJnKCKIPiacNsWVQwEU,love nwantiti (feat. Dj Yo! & AX'EL) [Remix],CKay,2021-09-09
2021-11-22 16:00:03.597,27,good 4 u,4ZtFanR9U6ndgddUvNcjcG,SOUR,Olivia Rodrigo,2021-05-21
2021-11-22 16:00:03.597,28,All I Want for Christmas Is You,0bYg9bo50gSsH3LtXe2SQn,Merry Christmas,Mariah Carey,1994-11-01
2021-11-22 16:00:03.597,29,Do It To It,20on25jryn53hWghthWWW3,Do It To It,ACRAZE,2021-08-20
2021-11-22 16:00:03.597,30,SAD GIRLZ LUV MONEY Remix (feat. Kali Uchis and Moliy),09gysnJpfQ3ublBmJDfcEC,SAD GIRLZ LUV MONEY Remix (feat. Kali Uchis and Moliy),Amaarae,2021-09-16
2021-11-22 16:00:03.597,31,All Night Parking (with Erroll Garner) Interlude,496vIKS2INz840xZaKncvR,30,Adele,2021-11-19
2021-11-22 16:00:03.597,32,Need to Know,3Vi5XqYrmQgOYBajMWSvCi,Planet Her,Doja Cat,2021-06-25
2021-11-22 16:00:03.597,33,Woman Like Me,2c6xRsQBv7pynuhYhWoHxo,30,Adele,2021-11-19
2021-11-22 16:00:03.597,34,Beggin',3Wrjm47oTz2sjIgck11l5e,Chosen,Måneskin,2017-12-08
2021-11-22 16:00:03.597,35,THATS WHAT I WANT,0e8nrvls4Qqv5Rfa2UhqmO,MONTERO,Lil Nas X,2021-09-17
2021-11-22 16:00:03.597,36,Hold On,6bGMSP3H9YqkmaLnaJTIoF,30,Adele,2021-11-19
2021-11-22 16:00:03.597,37,Kiss Me More (feat. SZA),3DarAbFujv6eYNliUTyqtz,Planet Her,Doja Cat,2021-06-25
2021-11-22 16:00:03.597,38,MONTERO (Call Me By Your Name),1SC5rEoYDGUK4NfG82494W,MONTERO,Lil Nas X,2021-09-17
2021-11-22 16:00:03.597,39,Happier Than Ever,4RVwu0g32PAqgUiJoXsdF8,Happier Than Ever,Billie Eilish,2021-07-30
2021-11-22 16:00:03.597,40,Ghost,6I3mqTwhRpn34SLVafSH7G,Justice,Justin Bieber,2021-03-19
2021-11-22 16:00:03.597,41,Lo Siento BB:/ (with Bad Bunny & Julieta Venegas),4gzsuuZypVbxs0Af1LSZyB,Lo Siento BB:/ (with Bad Bunny & Julieta Venegas),Tainy,2021-10-05
2021-11-22 16:00:03.597,42,Yonaguni,2JPLbjOn0wPCngEot2STUS,Yonaguni,Bad Bunny,2021-06-04
2021-11-22 16:00:03.597,43,Love Is A Game,2j3GxEsbNYNeEzz86wDY4J,30,Adele,2021-11-19
2021-11-22 16:00:03.597,44,Moth To A Flame (with The Weeknd),2gpWyfu7eZ01zzncHpxOtA,Moth To A Flame,Swedish House Mafia,2021-10-22
2021-11-22 16:00:03.597,45,Blinding Lights,0VjIjW4GlUZAMYd2vXMi3b,After Hours,The Weeknd,2020-03-20
2021-11-22 16:00:03.597,46,Life Goes On,0eu4C55hL6x29mmeAjytzC,"Ugly is Beautiful: Shorter, Thicker & Uglier (Deluxe)",Oliver Tree,2021-05-28
2021-11-22 16:00:03.597,47,Where Are You Now,3uUuGVFu1V7jTQL60S1r8z,Where Are You Now,Lost Frequencies,2021-07-30
2021-11-22 16:00:03.597,48,LA FAMA (with The Weeknd),6dmXZ9B5HdFAyzHeTneYBK,LA FAMA (with The Weeknd),ROSALÍA,2021-11-11
2021-11-22 16:00:03.597,49,Meet Me At Our Spot,07MDkzWARZaLEdKxo6yArG,THE ANXIETY,THE ANXIETY,2020-03-13
2021-11-22 16:00:03.597,50,Better Days (NEIKED x Mae Muller x Polo G),6f5ExP43esnvdKPddwKXJH,Better Days (NEIKED x Mae Muller x Polo G),NEIKED,2021-09-24
2021-11-23 16:00:03.808,1,Easy On Me,46IZ0fSY2mpAiktS3KOqds,30,Adele,2021-11-19
2021-11-23 16:00:03.808,2,STAY (with Justin Bieber),5PjdY0CKGZdEuoNab3yDmX,F*CK LOVE 3: OVER YOU,The Kid LAROI,2021-07-23
2021-11-23 16:00:03.808,3,Oh My God,3Kkjo3cT83cw09VJyrLNwX,30,Adele,2021-11-19
2021-11-23 16:00:03.808,4,All Too Well (10 Minute Version) (Taylor's Version) (From The Vault),5enxwA8aAbwZbf5qCHORXi,Red (Taylor's Version),Taylor Swift,2021-11-12
2021-11-23 16:00:03.808,5,INDUSTRY BABY (feat. Jack Harlow),5Z9KJZvQzH6PFmb8SNkxuk,MONTERO,Lil Nas X,2021-09-17
2021-11-23 16:00:03.808,6,Cold Heart - PNAU Remix,7rglLriMNBPAyuJOMGwi39,The Lockdown Sessions,Elton John,2021-10-22
2021-11-23 16:00:03.808,7,Heat Waves,02MWAaffLxlfxAUY7c5dvx,Dreamland (+ Bonus Levels),Glass Animals,2020-08-06
2021-11-23 16:00:03.808,8,Shivers,50nfwKoDiSYg8zOCREWAm5,=,Ed Sheeran,2021-10-29
2021-11-23 16:00:03.808,9,Can I Get It,6w8ZPYdnGajyfPddTWdthN,30,Adele,2021-11-19
2021-11-23 16:00:03.808,10,Enemy (with JID) - from the series Arcane League of Legends,1r9xUipOqoNwggBpENDsvJ,Enemy (with JID) [from the series Arcane League of Legends],Imagine Dragons,2021-10-28
2021-11-23 16:00:03.808,11,I Drink Wine,6v0UJD4a2FtleHeSYVX02A,30,Adele,2021-11-19
2021-11-23 16:00:03.808,12,My Little Love,2DuPBbS5mIldXnh7Wum8Cy,30,Adele,2021-11-19
2021-11-23 16:00:03.808,13,Pepas,2B4GHvToeLTOBB4QLzW3Ni,La 167,Farruko,2021-10-01
2021-11-23 16:00:03.808,14,Bad Habits,3rmo8F54jFF8OgYsqTxm5d,=,Ed Sheeran,2021-10-29
2021-11-23 16:00:03.808,15,Smokin Out The Window,7sMBvZCSUl99bJLXZaLa0b,An Evening With Silk Sonic,Bruno Mars,2021-11-11
2021-11-23 16:00:03.808,16,Strangers By Nature,13CVSGLSFl4UxpDVR6u3dq,30,Adele,2021-11-19
2021-11-23 16:00:03.808,17,abcdefu,4fouWK6XVHhzl78KzQ1UjL,abcdefu,GAYLE,2021-08-13
2021-11-23 16:00:03.808,18,My Universe,46HNZY1i7O6jwTA7Slo2PI,Music Of The Spheres,Coldplay,2021-10-15
2021-11-23 16:00:03.808,19,MONEY,7hU3IHwjX150XLoTVmjD0q,LALISA,LISA,2021-09-10
2021-11-23 16:00:03.808,20,Woman,6Uj1ctrBOjOas8xZXGqKk4,Planet Her,Doja Cat,2021-06-25
2021-11-23 16:00:03.808,21,Cry Your Heart Out,09u787BYeYIGd2mFIJ505t,30,Adele,2021-11-19
2021-11-23 16:00:03.808,22,To Be Loved,10ImcQk9tihY1EKMDIbvXJ,30,Adele,2021-11-19
2021-11-23 16:00:03.808,23,One Right Now (with The Weeknd),00Blm7zeNqgYLPtW6zg8cj,One Right Now,Post Malone,2021-11-05
2021-11-23 16:00:03.808,24,love nwantiti (ah ah ah),2Xr1dTzJee307rmrkt8c0g,CKay The First,CKay,2019-08-30
2021-11-23 16:00:03.808,25,Do It To It,20on25jryn53hWghthWWW3,Do It To It,ACRAZE,2021-08-20
2021-11-23 16:00:03.808,26,Toxic,2gQPv5jvVPqU2a9HhMNO1v,Toxic,BoyWithUke,2021-10-29
2021-11-23 16:00:03.808,27,good 4 u,4ZtFanR9U6ndgddUvNcjcG,SOUR,Olivia Rodrigo,2021-05-21
2021-11-23 16:00:03.808,28,All Night Parking (with Erroll Garner) Interlude,496vIKS2INz840xZaKncvR,30,Adele,2021-11-19
2021-11-23 16:00:03.808,29,Hold On,6bGMSP3H9YqkmaLnaJTIoF,30,Adele,2021-11-19
2021-11-23 16:00:03.808,30,Woman Like Me,2c6xRsQBv7pynuhYhWoHxo,30,Adele,2021-11-19
2021-11-23 16:00:03.808,31,SAD GIRLZ LUV MONEY Remix (feat. Kali Uchis and Moliy),09gysnJpfQ3ublBmJDfcEC,SAD GIRLZ LUV MONEY Remix (feat. Kali Uchis and Moliy),Amaarae,2021-09-16
2021-11-23 16:00:03.808,32,love nwantiti (feat. Dj Yo! & AX'EL) - Remix,4gvrJnKCKIPiacNsWVQwEU,love nwantiti (feat. Dj Yo! & AX'EL) [Remix],CKay,2021-09-09
2021-11-23 16:00:03.808,33,Need to Know,3Vi5XqYrmQgOYBajMWSvCi,Planet Her,Doja Cat,2021-06-25
2021-11-23 16:00:03.808,34,THATS WHAT I WANT,0e8nrvls4Qqv5Rfa2UhqmO,MONTERO,Lil Nas X,2021-09-17
2021-11-23 16:00:03.808,35,Beggin',3Wrjm47oTz2sjIgck11l5e,Chosen,Måneskin,2017-12-08
2021-11-23 16:00:03.808,36,Kiss Me More (feat. SZA),3DarAbFujv6eYNliUTyqtz,Planet Her,Doja Cat,2021-06-25
2021-11-23 16:00:03.808,37,Ghost,6I3mqTwhRpn34SLVafSH7G,Justice,Justin Bieber,2021-03-19
2021-11-23 16:00:03.808,38,Happier Than Ever,4RVwu0g32PAqgUiJoXsdF8,Happier Than Ever,Billie Eilish,2021-07-30
2021-11-23 16:00:03.808,39,MONTERO (Call Me By Your Name),1SC5rEoYDGUK4NfG82494W,MONTERO,Lil Nas X,2021-09-17
2021-11-23 16:00:03.808,40,Love Is A Game,2j3GxEsbNYNeEzz86wDY4J,30,Adele,2021-11-19
2021-11-23 16:00:03.808,41,Moth To A Flame (with The Weeknd),2gpWyfu7eZ01zzncHpxOtA,Moth To A Flame,Swedish House Mafia,2021-10-22
2021-11-23 16:00:03.808,42,Lo Siento BB:/ (with Bad Bunny & Julieta Venegas),4gzsuuZypVbxs0Af1LSZyB,Lo Siento BB:/ (with Bad Bunny & Julieta Venegas),Tainy,2021-10-05
2021-11-23 16:00:03.808,43,All I Want for Christmas Is You,0bYg9bo50gSsH3LtXe2SQn,Merry Christmas,Mariah Carey,1994-11-01
2021-11-23 16:00:03.808,44,Where Are You Now,3uUuGVFu1V7jTQL60S1r8z,Where Are You Now,Lost Frequencies,2021-07-30
2021-11-23 16:00:03.808,45,LA FAMA (with The Weeknd),6dmXZ9B5HdFAyzHeTneYBK,LA FAMA (with The Weeknd),ROSALÍA,2021-11-11
2021-11-23 16:00:03.808,46,Blinding Lights,0VjIjW4GlUZAMYd2vXMi3b,After Hours,The Weeknd,2020-03-20
2021-11-23 16:00:03.808,47,Meet Me At Our Spot,07MDkzWARZaLEdKxo6yArG,THE ANXIETY,THE ANXIETY,2020-03-13
2021-11-23 16:00:03.808,48,Yonaguni,2JPLbjOn0wPCngEot2STUS,Yonaguni,Bad Bunny,2021-06-04
2021-11-23 16:00:03.808,49,Life Goes On,0eu4C55hL6x29mmeAjytzC,"Ugly is Beautiful: Shorter, Thicker & Uglier (Deluxe)",Oliver Tree,2021-05-28
2021-11-23 16:00:03.808,50,Better Days (NEIKED x Mae Muller x Polo G),6f5ExP43esnvdKPddwKXJH,Better Days (NEIKED x Mae Muller x Polo G),NEIKED,2021-09-24
2021-11-24 16:00:03.607,1,Easy On Me,46IZ0fSY2mpAiktS3KOqds,30,Adele,2021-11-19
2021-11-24 16:00:03.607,2,STAY (with Justin Bieber),5PjdY0CKGZdEuoNab3yDmX,F*CK LOVE 3: OVER YOU,The Kid LAROI,2021-07-23
2021-11-24 16:00:03.607,3,Oh My God,3Kkjo3cT83cw09VJyrLNwX,30,Adele,2021-11-19
2021-11-24 16:00:03.607,4,All Too Well (10 Minute Version) (Taylor's Version) (From The Vault),5enxwA8aAbwZbf5qCHORXi,Red (Taylor's Version),Taylor Swift,2021-11-12
2021-11-24 16:00:03.607,5,INDUSTRY BABY (feat. Jack Harlow),5Z9KJZvQzH6PFmb8SNkxuk,MONTERO,Lil Nas X,2021-09-17
2021-11-24 16:00:03.607,6,Cold Heart - PNAU Remix,7rglLriMNBPAyuJOMGwi39,The Lockdown Sessions,Elton John,2021-10-22
2021-11-24 16:00:03.607,7,Heat Waves,02MWAaffLxlfxAUY7c5dvx,Dreamland (+ Bonus Levels),Glass Animals,2020-08-06
2021-11-24 16:00:03.607,8,Shivers,50nfwKoDiSYg8zOCREWAm5,=,Ed Sheeran,2021-10-29
2021-11-24 16:00:03.607,9,Enemy (with JID) - from the series Arcane League of Legends,1r9xUipOqoNwggBpENDsvJ,Enemy (with JID) [from the series Arcane League of Legends],Imagine Dragons,2021-10-28
2021-11-24 16:00:03.607,10,Bad Habits,3rmo8F54jFF8OgYsqTxm5d,=,Ed Sheeran,2021-10-29
2021-11-24 16:00:03.607,11,abcdefu,4fouWK6XVHhzl78KzQ1UjL,abcdefu,GAYLE,2021-08-13
2021-11-24 16:00:03.607,12,Pepas,2B4GHvToeLTOBB4QLzW3Ni,La 167,Farruko,2021-10-01
2021-11-24 16:00:03.607,13,Can I Get It,6w8ZPYdnGajyfPddTWdthN,30,Adele,2021-11-19
2021-11-24 16:00:03.607,14,Smokin Out The Window,7sMBvZCSUl99bJLXZaLa0b,An Evening With Silk Sonic,Bruno Mars,2021-11-11
2021-11-24 16:00:03.607,15,My Universe,46HNZY1i7O6jwTA7Slo2PI,Music Of The Spheres,Coldplay,2021-10-15
2021-11-24 16:00:03.607,16,I Drink Wine,6v0UJD4a2FtleHeSYVX02A,30,Adele,2021-11-19
2021-11-24 16:00:03.607,17,My Little Love,2DuPBbS5mIldXnh7Wum8Cy,30,Adele,2021-11-19
2021-11-24 16:00:03.607,18,Woman,6Uj1ctrBOjOas8xZXGqKk4,Planet Her,Doja Cat,2021-06-25
2021-11-24 16:00:03.607,19,MONEY,7hU3IHwjX150XLoTVmjD0q,LALISA,LISA,2021-09-10
2021-11-24 16:00:03.607,20,One Right Now (with The Weeknd),00Blm7zeNqgYLPtW6zg8cj,One Right Now,Post Malone,2021-11-05
2021-11-24 16:00:03.607,21,Do It To It,20on25jryn53hWghthWWW3,Do It To It,ACRAZE,2021-08-20
2021-11-24 16:00:03.607,22,love nwantiti (ah ah ah),2Xr1dTzJee307rmrkt8c0g,CKay The First,CKay,2019-08-30
2021-11-24 16:00:03.607,23,good 4 u,4ZtFanR9U6ndgddUvNcjcG,SOUR,Olivia Rodrigo,2021-05-21
2021-11-24 16:00:03.607,24,Toxic,2gQPv5jvVPqU2a9HhMNO1v,Toxic,BoyWithUke,2021-10-29
2021-11-24 16:00:03.607,25,Strangers By Nature,13CVSGLSFl4UxpDVR6u3dq,30,Adele,2021-11-19
2021-11-24 16:00:03.607,26,SAD GIRLZ LUV MONEY Remix (feat. Kali Uchis and Moliy),09gysnJpfQ3ublBmJDfcEC,SAD GIRLZ LUV MONEY Remix (feat. Kali Uchis and Moliy),Amaarae,2021-09-16
2021-11-24 16:00:03.607,27,love nwantiti (feat. Dj Yo! & AX'EL) - Remix,4gvrJnKCKIPiacNsWVQwEU,love nwantiti (feat. Dj Yo! & AX'EL) [Remix],CKay,2021-09-09
2021-11-24 16:00:03.607,28,Cry Your Heart Out,09u787BYeYIGd2mFIJ505t,30,Adele,2021-11-19
2021-11-24 16:00:03.607,29,THATS WHAT I WANT,0e8nrvls4Qqv5Rfa2UhqmO,MONTERO,Lil Nas X,2021-09-17
2021-11-24 16:00:03.607,30,To Be Loved,10ImcQk9tihY1EKMDIbvXJ,30,Adele,2021-11-19
2021-11-24 16:00:03.607,31,Need to Know,3Vi5XqYrmQgOYBajMWSvCi,Planet Her,Doja Cat,2021-06-25
2021-11-24 16:00:03.607,32,Kiss Me More (feat. SZA),3DarAbFujv6eYNliUTyqtz,Planet Her,Doja Cat,2021-06-25
2021-11-24 16:00:03.607,33,Beggin',3Wrjm47oTz2sjIgck11l5e,Chosen,Måneskin,2017-12-08
2021-11-24 16:00:03.607,34,Happier Than Ever,4RVwu0g32PAqgUiJoXsdF8,Happier Than Ever,Billie Eilish,2021-07-30
2021-11-24 16:00:03.607,35,Ghost,6I3mqTwhRpn34SLVafSH7G,Justice,Justin Bieber,2021-03-19
2021-11-24 16:00:03.607,36,MONTERO (Call Me By Your Name),1SC5rEoYDGUK4NfG82494W,MONTERO,Lil Nas X,2021-09-17
2021-11-24 16:00:03.607,37,Moth To A Flame (with The Weeknd),2gpWyfu7eZ01zzncHpxOtA,Moth To A Flame,Swedish House Mafia,2021-10-22
2021-11-24 16:00:03.607,38,Lo Siento BB:/ (with Bad Bunny & Julieta Venegas),4gzsuuZypVbxs0Af1LSZyB,Lo Siento BB:/ (with Bad Bunny & Julieta Venegas),Tainy,2021-10-05
2021-11-24 16:00:03.607,39,All I Want for Christmas Is You,0bYg9bo50gSsH3LtXe2SQn,Merry Christmas,Mariah Carey,1994-11-01
2021-11-24 16:00:03.607,40,Hold On,6bGMSP3H9YqkmaLnaJTIoF,30,Adele,2021-11-19
2021-11-24 16:00:03.607,41,All Night Parking (with Erroll Garner) Interlude,496vIKS2INz840xZaKncvR,30,Adele,2021-11-19
2021-11-24 16:00:03.607,42,Where Are You Now,3uUuGVFu1V7jTQL60S1r8z,Where Are You Now,Lost Frequencies,2021-07-30
2021-11-24 16:00:03.607,43,Woman Like Me,2c6xRsQBv7pynuhYhWoHxo,30,Adele,2021-11-19
2021-11-24 16:00:03.607,44,Blinding Lights,0VjIjW4GlUZAMYd2vXMi3b,After Hours,The Weeknd,2020-03-20
2021-11-24 16:00:03.607,45,Yonaguni,2JPLbjOn0wPCngEot2STUS,Yonaguni,Bad Bunny,2021-06-04
2021-11-24 16:00:03.607,46,LA FAMA (with The Weeknd),6dmXZ9B5HdFAyzHeTneYBK,LA FAMA (with The Weeknd),ROSALÍA,2021-11-11
2021-11-24 16:00:03.607,47,Meet Me At Our Spot,07MDkzWARZaLEdKxo6yArG,THE ANXIETY,THE ANXIETY,2020-03-13
2021-11-24 16:00:03.607,48,Life Goes On,0eu4C55hL6x29mmeAjytzC,"Ugly is Beautiful: Shorter, Thicker & Uglier (Deluxe)",Oliver Tree,2021-05-28
2021-11-24 16:00:03.607,49,traitor,5CZ40GBx1sQ9agT82CLQCT,SOUR,Olivia Rodrigo,2021-05-21
2021-11-24 16:00:03.607,50,Better Days (NEIKED x Mae Muller x Polo G),6f5ExP43esnvdKPddwKXJH,Better Days (NEIKED x Mae Muller x Polo G),NEIKED,2021-09-24
2021-11-25 16:00:03.701,1,Easy On Me,46IZ0fSY2mpAiktS3KOqds,30,Adele,2021-11-19
2021-11-25 16:00:03.701,2,STAY (with Justin Bieber),5PjdY0CKGZdEuoNab3yDmX,F*CK LOVE 3: OVER YOU,The Kid LAROI,2021-07-23
2021-11-25 16:00:03.701,3,INDUSTRY BABY (feat. Jack Harlow),5Z9KJZvQzH6PFmb8SNkxuk,MONTERO,Lil Nas X,2021-09-17
2021-11-25 16:00:03.701,4,All Too Well (10 Minute Version) (Taylor's Version) (From The Vault),5enxwA8aAbwZbf5qCHORXi,Red (Taylor's Version),Taylor Swift,2021-11-12
2021-11-25 16:00:03.701,5,Oh My God,3Kkjo3cT83cw09VJyrLNwX,30,Adele,2021-11-19
2021-11-25 16:00:03.701,6,Cold Heart - PNAU Remix,7rglLriMNBPAyuJOMGwi39,The Lockdown Sessions,Elton John,2021-10-22
2021-11-25 16:00:03.701,7,Heat Waves,02MWAaffLxlfxAUY7c5dvx,Dreamland (+ Bonus Levels),Glass Animals,2020-08-06
2021-11-25 16:00:03.701,8,Shivers,50nfwKoDiSYg8zOCREWAm5,=,Ed Sheeran,2021-10-29
2021-11-25 16:00:03.701,9,abcdefu,4fouWK6XVHhzl78KzQ1UjL,abcdefu,GAYLE,2021-08-13
2021-11-25 16:00:03.701,10,Enemy (with JID) - from the series Arcane League of Legends,1r9xUipOqoNwggBpENDsvJ,Enemy (with JID) [from the series Arcane League of Legends],Imagine Dragons,2021-10-28
2021-11-25 16:00:03.701,11,Bad Habits,3rmo8F54jFF8OgYsqTxm5d,=,Ed Sheeran,2021-10-29
2021-11-25 16:00:03.701,12,Pepas,2B4GHvToeLTOBB4QLzW3Ni,La 167,Farruko,2021-10-01
2021-11-25 16:00:03.701,13,Smokin Out The Window,7sMBvZCSUl99bJLXZaLa0b,An Evening With Silk Sonic,Bruno Mars,2021-11-11
2021-11-25 16:00:03.701,14,My Universe,46HNZY1i7O6jwTA7Slo2PI,Music Of The Spheres,Coldplay,2021-10-15
2021-11-25 16:00:03.701,15,Can I Get It,6w8ZPYdnGajyfPddTWdthN,30,Adele,2021-11-19
2021-11-25 16:00:03.701,16,Woman,6Uj1ctrBOjOas8xZXGqKk4,Planet Her,Doja Cat,2021-06-25
2021-11-25 16:00:03.701,17,MONEY,7hU3IHwjX150XLoTVmjD0q,LALISA,LISA,2021-09-10
2021-11-25 16:00:03.701,18,One Right Now (with The Weeknd),00Blm7zeNqgYLPtW6zg8cj,One Right Now,Post Malone,2021-11-05
2021-11-25 16:00:03.701,19,Do It To It,20on25jryn53hWghthWWW3,Do It To It,ACRAZE,2021-08-20
2021-11-25 16:00:03.701,20,I Drink Wine,6v0UJD4a2FtleHeSYVX02A,30,Adele,2021-11-19
2021-11-25 16:00:03.701,21,good 4 u,4ZtFanR9U6ndgddUvNcjcG,SOUR,Olivia Rodrigo,2021-05-21
2021-11-25 16:00:03.701,22,love nwantiti (ah ah ah),2Xr1dTzJee307rmrkt8c0g,CKay The First,CKay,2019-08-30
2021-11-25 16:00:03.701,23,Toxic,2gQPv5jvVPqU2a9HhMNO1v,Toxic,BoyWithUke,2021-10-29
2021-11-25 16:00:03.701,24,My Little Love,2DuPBbS5mIldXnh7Wum8Cy,30,Adele,2021-11-19
2021-11-25 16:00:03.701,25,Need to Know,3Vi5XqYrmQgOYBajMWSvCi,Planet Her,Doja Cat,2021-06-25
2021-11-25 16:00:03.701,26,THATS WHAT I WANT,0e8nrvls4Qqv5Rfa2UhqmO,MONTERO,Lil Nas X,2021-09-17
2021-11-25 16:00:03.701,27,SAD GIRLZ LUV MONEY Remix (feat. Kali Uchis and Moliy),09gysnJpfQ3ublBmJDfcEC,SAD GIRLZ LUV MONEY Remix (feat. Kali Uchis and Moliy),Amaarae,2021-09-16
2021-11-25 16:00:03.701,28,love nwantiti (feat. Dj Yo! & AX'EL) - Remix,4gvrJnKCKIPiacNsWVQwEU,love nwantiti (feat. Dj Yo! & AX'EL) [Remix],CKay,2021-09-09
2021-11-25 16:00:03.701,29,Kiss Me More (feat. SZA),3DarAbFujv6eYNliUTyqtz,Planet Her,Doja Cat,2021-06-25
2021-11-25 16:00:03.701,30,Beggin',3Wrjm47oTz2sjIgck11l5e,Chosen,Måneskin,2017-12-08
2021-11-25 16:00:03.701,31,All I Want for Christmas Is You,0bYg9bo50gSsH3LtXe2SQn,Merry Christmas,Mariah Carey,1994-11-01
2021-11-25 16:00:03.701,32,Happier Than Ever,4RVwu0g32PAqgUiJoXsdF8,Happier Than Ever,Billie Eilish,2021-07-30
2021-11-25 16:00:03.701,33,MONTERO (Call Me By Your Name),1SC5rEoYDGUK4NfG82494W,MONTERO,Lil Nas X,2021-09-17
2021-11-25 16:00:03.701,34,Ghost,6I3mqTwhRpn34SLVafSH7G,Justice,Justin Bieber,2021-03-19
2021-11-25 16:00:03.701,35,Moth To A Flame (with The Weeknd),2gpWyfu7eZ01zzncHpxOtA,Moth To A Flame,Swedish House Mafia,2021-10-22
2021-11-25 16:00:03.701,36,Lo Siento BB:/ (with Bad Bunny & Julieta Venegas),4gzsuuZypVbxs0Af1LSZyB,Lo Siento BB:/ (with Bad Bunny & Julieta Venegas),Tainy,2021-10-05
2021-11-25 16:00:03.701,37,Where Are You Now,3uUuGVFu1V7jTQL60S1r8z,Where Are You Now,Lost Frequencies,2021-07-30
2021-11-25 16:00:03.701,38,Blinding Lights,0VjIjW4GlUZAMYd2vXMi3b,After Hours,The Weeknd,2020-03-20
2021-11-25 16:00:03.701,39,Strangers By Nature,13CVSGLSFl4UxpDVR6u3dq,30,Adele,2021-11-19
2021-11-25 16:00:03.701,40,To Be Loved,10ImcQk9tihY1EKMDIbvXJ,30,Adele,2021-11-19
2021-11-25 16:00:03.701,41,Yonaguni,2JPLbjOn0wPCngEot2STUS,Yonaguni,Bad Bunny,2021-06-04
2021-11-25 16:00:03.701,42,Cry Your Heart Out,09u787BYeYIGd2mFIJ505t,30,Adele,2021-11-19
2021-11-25 16:00:03.701,43,traitor,5CZ40GBx1sQ9agT82CLQCT,SOUR,Olivia Rodrigo,2021-05-21
2021-11-25 16:00:03.701,44,Meet Me At Our Spot,07MDkzWARZaLEdKxo6yArG,THE ANXIETY,THE ANXIETY,2020-03-13
2021-11-25 16:00:03.701,45,LA FAMA (with The Weeknd),6dmXZ9B5HdFAyzHeTneYBK,LA FAMA (with The Weeknd),ROSALÍA,2021-11-11
2021-11-25 16:00:03.701,46,Life Goes On,0eu4C55hL6x29mmeAjytzC,"Ugly is Beautiful: Shorter, Thicker & Uglier (Deluxe)",Oliver Tree,2021-05-28
2021-11-25 16:00:03.701,47,Better Days (NEIKED x Mae Muller x Polo G),6f5ExP43esnvdKPddwKXJH,Better Days (NEIKED x Mae Muller x Polo G),NEIKED,2021-09-24
2021-11-25 16:00:03.701,48,I Love You So,4SqWKzw0CbA05TGszDgMlc,I Love You So,The Walters,2014-11-28
2021-11-25 16:00:03.701,49,Hold On,6bGMSP3H9YqkmaLnaJTIoF,30,Adele,2021-11-19
2021-11-25 16:00:03.701,50,All Night Parking (with Erroll Garner) Interlude,496vIKS2INz840xZaKncvR,30,Adele,2021-11-19
2021-11-26 16:00:03.108,1,Easy On Me,46IZ0fSY2mpAiktS3KOqds,30,Adele,2021-11-19
2021-11-26 16:00:03.108,2,STAY (with Justin Bieber),5PjdY0CKGZdEuoNab3yDmX,F*CK LOVE 3: OVER YOU,The Kid LAROI,2021-07-23
2021-11-26 16:00:03.108,3,INDUSTRY BABY (feat. Jack Harlow),5Z9KJZvQzH6PFmb8SNkxuk,MONTERO,Lil Nas X,2021-09-17
2021-11-26 16:00:03.108,4,Cold Heart - PNAU Remix,7rglLriMNBPAyuJOMGwi39,The Lockdown Sessions,Elton John,2021-10-22
2021-11-26 16:00:03.108,5,All Too Well (10 Minute Version) (Taylor's Version) (From The Vault),5enxwA8aAbwZbf5qCHORXi,Red (Taylor's Version),Taylor Swift,2021-11-12
2021-11-26 16:00:03.108,6,Oh My God,3Kkjo3cT83cw09VJyrLNwX,30,Adele,2021-11-19
2021-11-26 16:00:03.108,7,Heat Waves,02MWAaffLxlfxAUY7c5dvx,Dreamland (+ Bonus Levels),Glass Animals,2020-08-06
2021-11-26 16:00:03.108,8,Shivers,50nfwKoDiSYg8zOCREWAm5,=,Ed Sheeran,2021-10-29
2021-11-26 16:00:03.108,9,abcdefu,4fouWK6XVHhzl78KzQ1UjL,abcdefu,GAYLE,2021-08-13
2021-11-26 16:00:03.108,10,Enemy (with JID) - from the series Arcane League of Legends,1r9xUipOqoNwggBpENDsvJ,Enemy (with JID) [from the series Arcane League of Legends],Imagine Dragons,2021-10-28
2021-11-26 16:00:03.108,11,Pepas,2B4GHvToeLTOBB4QLzW3Ni,La 167,Farruko,2021-10-01
2021-11-26 16:00:03.108,12,Bad Habits,3rmo8F54jFF8OgYsqTxm5d,=,Ed Sheeran,2021-10-29
2021-11-26 16:00:03.108,13,Smokin Out The Window,7sMBvZCSUl99bJLXZaLa0b,An Evening With Silk Sonic,Bruno Mars,2021-11-11
2021-11-26 16:00:03.108,14,My Universe,46HNZY1i7O6jwTA7Slo2PI,Music Of The Spheres,Coldplay,2021-10-15
2021-11-26 16:00:03.108,15,Woman,6Uj1ctrBOjOas8xZXGqKk4,Planet Her,Doja Cat,2021-06-25
2021-11-26 16:00:03.108,16,MONEY,7hU3IHwjX150XLoTVmjD0q,LALISA,LISA,2021-09-10
2021-11-26 16:00:03.108,17,Do It To It,20on25jryn53hWghthWWW3,Do It To It,ACRAZE,2021-08-20
2021-11-26 16:00:03.108,18,One Right Now (with The Weeknd),00Blm7zeNqgYLPtW6zg8cj,One Right Now,Post Malone,2021-11-05
2021-11-26 16:00:03.108,19,All I Want for Christmas Is You,0bYg9bo50gSsH3LtXe2SQn,Merry Christmas,Mariah Carey,1994-11-01
2021-11-26 16:00:03.108,20,Can I Get It,6w8ZPYdnGajyfPddTWdthN,30,Adele,2021-11-19
2021-11-26 16:00:03.108,21,love nwantiti (ah ah ah),2Xr1dTzJee307rmrkt8c0g,CKay The First,CKay,2019-08-30
2021-11-26 16:00:03.108,22,Toxic,2gQPv5jvVPqU2a9HhMNO1v,Toxic,BoyWithUke,2021-10-29
2021-11-26 16:00:03.108,23,good 4 u,4ZtFanR9U6ndgddUvNcjcG,SOUR,Olivia Rodrigo,2021-05-21
2021-11-26 16:00:03.108,24,love nwantiti (feat. Dj Yo! & AX'EL) - Remix,4gvrJnKCKIPiacNsWVQwEU,love nwantiti (feat. Dj Yo! & AX'EL) [Remix],CKay,2021-09-09
2021-11-26 16:00:03.108,25,THATS WHAT I WANT,0e8nrvls4Qqv5Rfa2UhqmO,MONTERO,Lil Nas X,2021-09-17
2021-11-26 16:00:03.108,26,Need to Know,3Vi5XqYrmQgOYBajMWSvCi,Planet Her,Doja Cat,2021-06-25
2021-11-26 16:00:03.108,27,I Drink Wine,6v0UJD4a2FtleHeSYVX02A,30,Adele,2021-11-19
2021-11-26 16:00:03.108,28,SAD GIRLZ LUV MONEY Remix (feat. Kali Uchis and Moliy),09gysnJpfQ3ublBmJDfcEC,SAD GIRLZ LUV MONEY Remix (feat. Kali Uchis and Moliy),Amaarae,2021-09-16
2021-11-26 16:00:03.108,29,Beggin',3Wrjm47oTz2sjIgck11l5e,Chosen,Måneskin,2017-12-08
2021-11-26 16:00:03.108,30,Kiss Me More (feat. SZA),3DarAbFujv6eYNliUTyqtz,Planet Her,Doja Cat,2021-06-25
2021-11-26 16:00:03.108,31,MONTERO (Call Me By Your Name),1SC5rEoYDGUK4NfG82494W,MONTERO,Lil Nas X,2021-09-17
2021-11-26 16:00:03.108,32,Happier Than Ever,4RVwu0g32PAqgUiJoXsdF8,Happier Than Ever,Billie Eilish,2021-07-30
2021-11-26 16:00:03.108,33,Moth To A Flame (with The Weeknd),2gpWyfu7eZ01zzncHpxOtA,Moth To A Flame,Swedish House Mafia,2021-10-22
2021-11-26 16:00:03.108,34,My Little Love,2DuPBbS5mIldXnh7Wum8Cy,30,Adele,2021-11-19
2021-11-26 16:00:03.108,35,Ghost,6I3mqTwhRpn34SLVafSH7G,Justice,Justin Bieber,2021-03-19
2021-11-26 16:00:03.108,36,Lo Siento BB:/ (with Bad Bunny & Julieta Venegas),4gzsuuZypVbxs0Af1LSZyB,Lo Siento BB:/ (with Bad Bunny & Julieta Venegas),Tainy,2021-10-05
2021-11-26 16:00:03.108,37,Where Are You Now,3uUuGVFu1V7jTQL60S1r8z,Where Are You Now,Lost Frequencies,2021-07-30
2021-11-26 16:00:03.108,38,Yonaguni,2JPLbjOn0wPCngEot2STUS,Yonaguni,Bad Bunny,2021-06-04
2021-11-26 16:00:03.108,39,Blinding Lights,0VjIjW4GlUZAMYd2vXMi3b,After Hours,The Weeknd,2020-03-20
2021-11-26 16:00:03.108,40,Last Christmas,2FRnf9qhLbvw8fu4IBXx78,LAST CHRISTMAS,Wham!,1984-11-29
2021-11-26 16:00:03.108,41,traitor,5CZ40GBx1sQ9agT82CLQCT,SOUR,Olivia Rodrigo,2021-05-21
2021-11-26 16:00:03.108,42,LA FAMA (with The Weeknd),6dmXZ9B5HdFAyzHeTneYBK,LA FAMA (with The Weeknd),ROSALÍA,2021-11-11
2021-11-26 16:00:03.108,43,Meet Me At Our Spot,07MDkzWARZaLEdKxo6yArG,THE ANXIETY,THE ANXIETY,2020-03-13
2021-11-26 16:00:03.108,44,Life Goes On,0eu4C55hL6x29mmeAjytzC,"Ugly is Beautiful: Shorter, Thicker & Uglier (Deluxe)",Oliver Tree,2021-05-28
2021-11-26 16:00:03.108,45,Better Days (NEIKED x Mae Muller x Polo G),6f5ExP43esnvdKPddwKXJH,Better Days (NEIKED x Mae Muller x Polo G),NEIKED,2021-09-24
2021-11-26 16:00:03.108,46,I Love You So,4SqWKzw0CbA05TGszDgMlc,I Love You So,The Walters,2014-11-28
2021-11-26 16:00:03.108,47,Todo De Ti,5RwV8BvLfX5injfqYodke9,VICE VERSA,Rauw Alejandro,2021-06-25
2021-11-26 16:00:03.108,48,To Be Loved,10ImcQk9tihY1EKMDIbvXJ,30,Adele,2021-11-19
2021-11-26 16:00:03.108,49,Volví,2vmfvSoZBFAt9hhRoEByLi,Volví,Aventura,2021-08-03
2021-11-26 16:00:03.108,50,Mon Amour - Remix,5TMLavqGRKNxgzMBrVpC9R,Mon Amour (Remix),zzoilo,2021-08-18
2021-11-27 16:00:03.472,1,Easy On Me,46IZ0fSY2mpAiktS3KOqds,30,Adele,2021-11-19
2021-11-27 16:00:03.472,2,STAY (with Justin Bieber),5PjdY0CKGZdEuoNab3yDmX,F*CK LOVE 3: OVER YOU,The Kid LAROI,2021-07-23
2021-11-27 16:00:03.472,3,INDUSTRY BABY (feat. Jack Harlow),5Z9KJZvQzH6PFmb8SNkxuk,MONTERO,Lil Nas X,2021-09-17
2021-11-27 16:00:03.472,4,Cold Heart - PNAU Remix,7rglLriMNBPAyuJOMGwi39,The Lockdown Sessions,Elton John,2021-10-22
2021-11-27 16:00:03.472,5,Heat Waves,02MWAaffLxlfxAUY7c5dvx,Dreamland (+ Bonus Levels),Glass Animals,2020-08-06
2021-11-27 16:00:03.472,6,abcdefu,4fouWK6XVHhzl78KzQ1UjL,abcdefu,GAYLE,2021-08-13
2021-11-27 16:00:03.472,7,All Too Well (10 Minute Version) (Taylor's Version) (From The Vault),5enxwA8aAbwZbf5qCHORXi,Red (Taylor's Version),Taylor Swift,2021-11-12
2021-11-27 16:00:03.472,8,Shivers,50nfwKoDiSYg8zOCREWAm5,=,Ed Sheeran,2021-10-29
2021-11-27 16:00:03.472,9,Oh My God,3Kkjo3cT83cw09VJyrLNwX,30,Adele,2021-11-19
2021-11-27 16:00:03.472,10,Enemy (with JID) - from the series Arcane League of Legends,1r9xUipOqoNwggBpENDsvJ,Enemy (with JID) [from the series Arcane League of Legends],Imagine Dragons,2021-10-28
2021-11-27 16:00:03.472,11,Pepas,2B4GHvToeLTOBB4QLzW3Ni,La 167,Farruko,2021-10-01
2021-11-27 16:00:03.472,12,Bad Habits,3rmo8F54jFF8OgYsqTxm5d,=,Ed Sheeran,2021-10-29
2021-11-27 16:00:03.472,13,All I Want for Christmas Is You,0bYg9bo50gSsH3LtXe2SQn,Merry Christmas,Mariah Carey,1994-11-01
2021-11-27 16:00:03.472,14,Do It To It,20on25jryn53hWghthWWW3,Do It To It,ACRAZE,2021-08-20
2021-11-27 16:00:03.472,15,My Universe,46HNZY1i7O6jwTA7Slo2PI,Music Of The Spheres,Coldplay,2021-10-15
2021-11-27 16:00:03.472,16,Woman,6Uj1ctrBOjOas8xZXGqKk4,Planet Her,Doja Cat,2021-06-25
2021-11-27 16:00:03.472,17,Smokin Out The Window,7sMBvZCSUl99bJLXZaLa0b,An Evening With Silk Sonic,Bruno Mars,2021-11-11
2021-11-27 16:00:03.472,18,MONEY,7hU3IHwjX150XLoTVmjD0q,LALISA,LISA,2021-09-10
2021-11-27 16:00:03.472,19,love nwantiti (ah ah ah),2Xr1dTzJee307rmrkt8c0g,CKay The First,CKay,2019-08-30
2021-11-27 16:00:03.472,20,One Right Now (with The Weeknd),00Blm7zeNqgYLPtW6zg8cj,One Right Now,Post Malone,2021-11-05
2021-11-27 16:00:03.472,21,Toxic,2gQPv5jvVPqU2a9HhMNO1v,Toxic,BoyWithUke,2021-10-29
2021-11-27 16:00:03.472,22,Last Christmas,2FRnf9qhLbvw8fu4IBXx78,LAST CHRISTMAS,Wham!,1984-11-29
2021-11-27 16:00:03.472,23,good 4 u,4ZtFanR9U6ndgddUvNcjcG,SOUR,Olivia Rodrigo,2021-05-21
2021-11-27 16:00:03.472,24,love nwantiti (feat. Dj Yo! & AX'EL) - Remix,4gvrJnKCKIPiacNsWVQwEU,love nwantiti (feat. Dj Yo! & AX'EL) [Remix],CKay,2021-09-09
2021-11-27 16:00:03.472,25,THATS WHAT I WANT,0e8nrvls4Qqv5Rfa2UhqmO,MONTERO,Lil Nas X,2021-09-17
2021-11-27 16:00:03.472,26,Can I Get It,6w8ZPYdnGajyfPddTWdthN,30,Adele,2021-11-19
2021-11-27 16:00:03.472,27,Beggin',3Wrjm47oTz2sjIgck11l5e,Chosen,Måneskin,2017-12-08
2021-11-27 16:00:03.472,28,White Christmas,4so0Wek9Ig1p6CRCHuINwW,Holiday Inn (Original Motion Picture Soundtrack),Bing Crosby,1942-01-01
2021-11-27 16:00:03.472,29,Need to Know,3Vi5XqYrmQgOYBajMWSvCi,Planet Her,Doja Cat,2021-06-25
2021-11-27 16:00:03.472,30,Where Are You Now,3uUuGVFu1V7jTQL60S1r8z,Where Are You Now,Lost Frequencies,2021-07-30
2021-11-27 16:00:03.472,31,SAD GIRLZ LUV MONEY Remix (feat. Kali Uchis and Moliy),09gysnJpfQ3ublBmJDfcEC,SAD GIRLZ LUV MONEY Remix (feat. Kali Uchis and Moliy),Amaarae,2021-09-16
2021-11-27 16:00:03.472,32,Kiss Me More (feat. SZA),3DarAbFujv6eYNliUTyqtz,Planet Her,Doja Cat,2021-06-25
2021-11-27 16:00:03.472,33,MONTERO (Call Me By Your Name),1SC5rEoYDGUK4NfG82494W,MONTERO,Lil Nas X,2021-09-17
2021-11-27 16:00:03.472,34,Moth To A Flame (with The Weeknd),2gpWyfu7eZ01zzncHpxOtA,Moth To A Flame,Swedish House Mafia,2021-10-22
2021-11-27 16:00:03.472,35,Ghost,6I3mqTwhRpn34SLVafSH7G,Justice,Justin Bieber,2021-03-19
2021-11-27 16:00:03.472,36,Lo Siento BB:/ (with Bad Bunny & Julieta Venegas),4gzsuuZypVbxs0Af1LSZyB,Lo Siento BB:/ (with Bad Bunny & Julieta Venegas),Tainy,2021-10-05
2021-11-27 16:00:03.472,37,Happier Than Ever,4RVwu0g32PAqgUiJoXsdF8,Happier Than Ever,Billie Eilish,2021-07-30
2021-11-27 16:00:03.472,38,Yonaguni,2JPLbjOn0wPCngEot2STUS,Yonaguni,Bad Bunny,2021-06-04
2021-11-27 16:00:03.472,39,Blinding Lights,0VjIjW4GlUZAMYd2vXMi3b,After Hours,The Weeknd,2020-03-20
2021-11-27 16:00:03.472,40,I Drink Wine,6v0UJD4a2FtleHeSYVX02A,30,Adele,2021-11-19
2021-11-27 16:00:03.472,41,It's Beginning to Look a Lot like Christmas,0lLdorYw7lVrJydTINhWdI,Christmas,Michael Bublé,2011-10-14
2021-11-27 16:00:03.472,42,Jingle Bell Rock,7vQbuQcyTflfCIOu3Uzzya,Jingle Bell Rock/Captain Santa Claus (And His Reindeer Space Patrol),Bobby Helms,1957-12-02
2021-11-27 16:00:03.472,43,My Little Love,2DuPBbS5mIldXnh7Wum8Cy,30,Adele,2021-11-19
2021-11-27 16:00:03.472,44,Rockin' Around The Christmas Tree,2EjXfH91m7f8HiJN1yQg97,Merry Christmas From Brenda Lee,Brenda Lee,1964-10-19
2021-11-27 16:00:03.472,45,Life Goes On,0eu4C55hL6x29mmeAjytzC,"Ugly is Beautiful: Shorter, Thicker & Uglier (Deluxe)",Oliver Tree,2021-05-28
2021-11-27 16:00:03.472,46,LA FAMA (with The Weeknd),6dmXZ9B5HdFAyzHeTneYBK,LA FAMA (with The Weeknd),ROSALÍA,2021-11-11
2021-11-27 16:00:03.472,47,Mon Amour - Remix,5TMLavqGRKNxgzMBrVpC9R,Mon Amour (Remix),zzoilo,2021-08-18
2021-11-27 16:00:03.472,48,Meet Me At Our Spot,07MDkzWARZaLEdKxo6yArG,THE ANXIETY,THE ANXIETY,2020-03-13
2021-11-27 16:00:03.472,49,traitor,5CZ40GBx1sQ9agT82CLQCT,SOUR,Olivia Rodrigo,2021-05-21
2021-11-27 16:00:03.472,50,Better Days (NEIKED x Mae Muller x Polo G),6f5ExP43esnvdKPddwKXJH,Better Days (NEIKED x Mae Muller x Polo G),NEIKED,2021-09-24
2021-11-28 16:00:02.82,1,Easy On Me,46IZ0fSY2mpAiktS3KOqds,30,Adele,2021-11-19
2021-11-28 16:00:02.82,2,STAY (with Justin Bieber),5PjdY0CKGZdEuoNab3yDmX,F*CK LOVE 3: OVER YOU,The Kid LAROI,2021-07-23
2021-11-28 16:00:02.82,3,INDUSTRY BABY (feat. Jack Harlow),5Z9KJZvQzH6PFmb8SNkxuk,MONTERO,Lil Nas X,2021-09-17
2021-11-28 16:00:02.82,4,Cold Heart - PNAU Remix,7rglLriMNBPAyuJOMGwi39,The Lockdown Sessions,Elton John,2021-10-22
2021-11-28 16:00:02.82,5,Heat Waves,02MWAaffLxlfxAUY7c5dvx,Dreamland (+ Bonus Levels),Glass Animals,2020-08-06
2021-11-28 16:00:02.82,6,All I Want for Christmas Is You,0bYg9bo50gSsH3LtXe2SQn,Merry Christmas,Mariah Carey,1994-11-01
2021-11-28 16:00:02.82,7,abcdefu,4fouWK6XVHhzl78KzQ1UjL,abcdefu,GAYLE,2021-08-13
2021-11-28 16:00:02.82,8,All Too Well (10 Minute Version) (Taylor's Version) (From The Vault),5enxwA8aAbwZbf5qCHORXi,Red (Taylor's Version),Taylor Swift,2021-11-12
2021-11-28 16:00:02.82,9,Shivers,50nfwKoDiSYg8zOCREWAm5,=,Ed Sheeran,2021-10-29
2021-11-28 16:00:02.82,10,Pepas,2B4GHvToeLTOBB4QLzW3Ni,La 167,Farruko,2021-10-01
2021-11-28 16:00:02.82,11,Enemy (with JID) - from the series Arcane League of Legends,1r9xUipOqoNwggBpENDsvJ,Enemy (with JID) [from the series Arcane League of Legends],Imagine Dragons,2021-10-28
2021-11-28 16:00:02.82,12,Oh My God,3Kkjo3cT83cw09VJyrLNwX,30,Adele,2021-11-19
2021-11-28 16:00:02.82,13,Bad Habits,3rmo8F54jFF8OgYsqTxm5d,=,Ed Sheeran,2021-10-29
2021-11-28 16:00:02.82,14,Last Christmas,2FRnf9qhLbvw8fu4IBXx78,LAST CHRISTMAS,Wham!,1984-11-29
2021-11-28 16:00:02.82,15,Do It To It,20on25jryn53hWghthWWW3,Do It To It,ACRAZE,2021-08-20
2021-11-28 16:00:02.82,16,My Universe,46HNZY1i7O6jwTA7Slo2PI,Music Of The Spheres,Coldplay,2021-10-15
2021-11-28 16:00:02.82,17,Woman,6Uj1ctrBOjOas8xZXGqKk4,Planet Her,Doja Cat,2021-06-25
2021-11-28 16:00:02.82,18,Smokin Out The Window,7sMBvZCSUl99bJLXZaLa0b,An Evening With Silk Sonic,Bruno Mars,2021-11-11
2021-11-28 16:00:02.82,19,MONEY,7hU3IHwjX150XLoTVmjD0q,LALISA,LISA,2021-09-10
2021-11-28 16:00:02.82,20,It's Beginning to Look a Lot like Christmas,0lLdorYw7lVrJydTINhWdI,Christmas,Michael Bublé,2011-10-14
2021-11-28 16:00:02.82,21,love nwantiti (ah ah ah),2Xr1dTzJee307rmrkt8c0g,CKay The First,CKay,2019-08-30
2021-11-28 16:00:02.82,22,Jingle Bell Rock,7vQbuQcyTflfCIOu3Uzzya,Jingle Bell Rock/Captain Santa Claus (And His Reindeer Space Patrol),Bobby Helms,1957-12-02
2021-11-28 16:00:02.82,23,Toxic,2gQPv5jvVPqU2a9HhMNO1v,Toxic,BoyWithUke,2021-10-29
2021-11-28 16:00:02.82,24,One Right Now (with The Weeknd),00Blm7zeNqgYLPtW6zg8cj,One Right Now,Post Malone,2021-11-05
2021-11-28 16:00:02.82,25,good 4 u,4ZtFanR9U6ndgddUvNcjcG,SOUR,Olivia Rodrigo,2021-05-21
2021-11-28 16:00:02.82,26,Rockin' Around The Christmas Tree,2EjXfH91m7f8HiJN1yQg97,Merry Christmas From Brenda Lee,Brenda Lee,1964-10-19
2021-11-28 16:00:02.82,27,love nwantiti (feat. Dj Yo! & AX'EL) - Remix,4gvrJnKCKIPiacNsWVQwEU,love nwantiti (feat. Dj Yo! & AX'EL) [Remix],CKay,2021-09-09
2021-11-28 16:00:02.82,28,Beggin',3Wrjm47oTz2sjIgck11l5e,Chosen,Måneskin,2017-12-08
2021-11-28 16:00:02.82,29,THATS WHAT I WANT,0e8nrvls4Qqv5Rfa2UhqmO,MONTERO,Lil Nas X,2021-09-17
2021-11-28 16:00:02.82,30,Need to Know,3Vi5XqYrmQgOYBajMWSvCi,Planet Her,Doja Cat,2021-06-25
2021-11-28 16:00:02.82,31,MONTERO (Call Me By Your Name),1SC5rEoYDGUK4NfG82494W,MONTERO,Lil Nas X,2021-09-17
2021-11-28 16:00:02.82,32,Kiss Me More (feat. SZA),3DarAbFujv6eYNliUTyqtz,Planet Her,Doja Cat,2021-06-25
2021-11-28 16:00:02.82,33,Santa Tell Me,0lizgQ7Qw35od7CYaoMBZb,Santa Tell Me,Ariana Grande,2014-11-24
2021-11-28 16:00:02.82,34,Where Are You Now,3uUuGVFu1V7jTQL60S1r8z,Where Are You Now,Lost Frequencies,2021-07-30
2021-11-28 16:00:02.82,35,Can I Get It,6w8ZPYdnGajyfPddTWdthN,30,Adele,2021-11-19
2021-11-28 16:00:02.82,36,SAD GIRLZ LUV MONEY Remix (feat. Kali Uchis and Moliy),09gysnJpfQ3ublBmJDfcEC,SAD GIRLZ LUV MONEY Remix (feat. Kali Uchis and Moliy),Amaarae,2021-09-16
2021-11-28 16:00:02.82,37,Lo Siento BB:/ (with Bad Bunny & Julieta Venegas),4gzsuuZypVbxs0Af1LSZyB,Lo Siento BB:/ (with Bad Bunny & Julieta Venegas),Tainy,2021-10-05
2021-11-28 16:00:02.82,38,Yonaguni,2JPLbjOn0wPCngEot2STUS,Yonaguni,Bad Bunny,2021-06-04
2021-11-28 16:00:02.82,39,It's the Most Wonderful Time of the Year,1IcR6RlgvDczfvoWJSSY2A,The Andy Williams Christmas Album,Andy Williams,1963
2021-11-28 16:00:02.82,40,Ghost,6I3mqTwhRpn34SLVafSH7G,Justice,Justin Bieber,2021-03-19
2021-11-28 16:00:02.82,41,Moth To A Flame (with The Weeknd),2gpWyfu7eZ01zzncHpxOtA,Moth To A Flame,Swedish House Mafia,2021-10-22
2021-11-28 16:00:02.82,42,Blinding Lights,0VjIjW4GlUZAMYd2vXMi3b,After Hours,The Weeknd,2020-03-20
2021-11-28 16:00:02.82,43,Happier Than Ever,4RVwu0g32PAqgUiJoXsdF8,Happier Than Ever,Billie Eilish,2021-07-30
2021-11-28 16:00:02.82,44,I Drink Wine,6v0UJD4a2FtleHeSYVX02A,30,Adele,2021-11-19
2021-11-28 16:00:02.82,45,Mon Amour - Remix,5TMLavqGRKNxgzMBrVpC9R,Mon Amour (Remix),zzoilo,2021-08-18
2021-11-28 16:00:02.82,46,Life Goes On,0eu4C55hL6x29mmeAjytzC,"Ugly is Beautiful: Shorter, Thicker & Uglier (Deluxe)",Oliver Tree,2021-05-28
2021-11-28 16:00:02.82,47,Meet Me At Our Spot,07MDkzWARZaLEdKxo6yArG,THE ANXIETY,THE ANXIETY,2020-03-13
2021-11-28 16:00:02.82,48,Todo De Ti,5RwV8BvLfX5injfqYodke9,VICE VERSA,Rauw Alejandro,2021-06-25
2021-11-28 16:00:02.82,49,The Christmas Song (Merry Christmas To You),4PS1e8f2LvuTFgUs1Cn3ON,The Christmas Song (Expanded Edition),Nat King Cole,1962
2021-11-28 16:00:02.82,50,Mistletoe,7xapw9Oy21WpfEcib2ErSA,Under The Mistletoe (Deluxe Edition),Justin Bieber,2011-01-01
2021-11-29 16:00:03.607,1,Easy On Me,46IZ0fSY2mpAiktS3KOqds,30,Adele,2021-11-19
2021-11-29 16:00:03.607,2,STAY (with Justin Bieber),5PjdY0CKGZdEuoNab3yDmX,F*CK LOVE 3: OVER YOU,The Kid LAROI,2021-07-23
2021-11-29 16:00:03.607,3,All I Want for Christmas Is You,0bYg9bo50gSsH3LtXe2SQn,Merry Christmas,Mariah Carey,1994-11-01
2021-11-29 16:00:03.607,4,INDUSTRY BABY (feat. Jack Harlow),5Z9KJZvQzH6PFmb8SNkxuk,MONTERO,Lil Nas X,2021-09-17
2021-11-29 16:00:03.607,5,Cold Heart - PNAU Remix,7rglLriMNBPAyuJOMGwi39,The Lockdown Sessions,Elton John,2021-10-22
2021-11-29 16:00:03.607,6,Heat Waves,02MWAaffLxlfxAUY7c5dvx,Dreamland (+ Bonus Levels),Glass Animals,2020-08-06
2021-11-29 16:00:03.607,7,abcdefu,4fouWK6XVHhzl78KzQ1UjL,abcdefu,GAYLE,2021-08-13
2021-11-29 16:00:03.607,8,Last Christmas,2FRnf9qhLbvw8fu4IBXx78,LAST CHRISTMAS,Wham!,1984-11-29
2021-11-29 16:00:03.607,9,All Too Well (10 Minute Version) (Taylor's Version) (From The Vault),5enxwA8aAbwZbf5qCHORXi,Red (Taylor's Version),Taylor Swift,2021-11-12
2021-11-29 16:00:03.607,10,Enemy (with JID) - from the series Arcane League of Legends,1r9xUipOqoNwggBpENDsvJ,Enemy (with JID) [from the series Arcane League of Legends],Imagine Dragons,2021-10-28
2021-11-29 16:00:03.607,11,Shivers,50nfwKoDiSYg8zOCREWAm5,=,Ed Sheeran,2021-10-29
2021-11-29 16:00:03.607,12,Pepas,2B4GHvToeLTOBB4QLzW3Ni,La 167,Farruko,2021-10-01
2021-11-29 16:00:03.607,13,It's Beginning to Look a Lot like Christmas,0lLdorYw7lVrJydTINhWdI,Christmas,Michael Bublé,2011-10-14
2021-11-29 16:00:03.607,14,Oh My God,3Kkjo3cT83cw09VJyrLNwX,30,Adele,2021-11-19
2021-11-29 16:00:03.607,15,Jingle Bell Rock,7vQbuQcyTflfCIOu3Uzzya,Jingle Bell Rock/Captain Santa Claus (And His Reindeer Space Patrol),Bobby Helms,1957-12-02
2021-11-29 16:00:03.607,16,Bad Habits,3rmo8F54jFF8OgYsqTxm5d,=,Ed Sheeran,2021-10-29
2021-11-29 16:00:03.607,17,Rockin' Around The Christmas Tree,2EjXfH91m7f8HiJN1yQg97,Merry Christmas From Brenda Lee,Brenda Lee,1964-10-19
2021-11-29 16:00:03.607,18,My Universe,46HNZY1i7O6jwTA7Slo2PI,Music Of The Spheres,Coldplay,2021-10-15
2021-11-29 16:00:03.607,19,Woman,6Uj1ctrBOjOas8xZXGqKk4,Planet Her,Doja Cat,2021-06-25
2021-11-29 16:00:03.607,20,Santa Tell Me,0lizgQ7Qw35od7CYaoMBZb,Santa Tell Me,Ariana Grande,2014-11-24
2021-11-29 16:00:03.607,21,Smokin Out The Window,7sMBvZCSUl99bJLXZaLa0b,An Evening With Silk Sonic,Bruno Mars,2021-11-11
2021-11-29 16:00:03.607,22,Do It To It,20on25jryn53hWghthWWW3,Do It To It,ACRAZE,2021-08-20
2021-11-29 16:00:03.607,23,MONEY,7hU3IHwjX150XLoTVmjD0q,LALISA,LISA,2021-09-10
2021-11-29 16:00:03.607,24,It's the Most Wonderful Time of the Year,1IcR6RlgvDczfvoWJSSY2A,The Andy Williams Christmas Album,Andy Williams,1963
2021-11-29 16:00:03.607,25,Toxic,2gQPv5jvVPqU2a9HhMNO1v,Toxic,BoyWithUke,2021-10-29
2021-11-29 16:00:03.607,26,love nwantiti (ah ah ah),2Xr1dTzJee307rmrkt8c0g,CKay The First,CKay,2019-08-30
2021-11-29 16:00:03.607,27,good 4 u,4ZtFanR9U6ndgddUvNcjcG,SOUR,Olivia Rodrigo,2021-05-21
2021-11-29 16:00:03.607,28,The Christmas Song (Merry Christmas To You),4PS1e8f2LvuTFgUs1Cn3ON,The Christmas Song (Expanded Edition),Nat King Cole,1962
2021-11-29 16:00:03.607,29,One Right Now (with The Weeknd),00Blm7zeNqgYLPtW6zg8cj,One Right Now,Post Malone,2021-11-05
2021-11-29 16:00:03.607,30,love nwantiti (feat. Dj Yo! & AX'EL) - Remix,4gvrJnKCKIPiacNsWVQwEU,love nwantiti (feat. Dj Yo! & AX'EL) [Remix],CKay,2021-09-09
2021-11-29 16:00:03.607,31,Need to Know,3Vi5XqYrmQgOYBajMWSvCi,Planet Her,Doja Cat,2021-06-25
2021-11-29 16:00:03.607,32,THATS WHAT I WANT,0e8nrvls4Qqv5Rfa2UhqmO,MONTERO,Lil Nas X,2021-09-17
2021-11-29 16:00:03.607,33,Mistletoe,7xapw9Oy21WpfEcib2ErSA,Under The Mistletoe (Deluxe Edition),Justin Bieber,2011-01-01
2021-11-29 16:00:03.607,34,Feliz Navidad,3qCeq0rWK67SoBDgFd2sId,My Name Is José Feliciano,José Feliciano,2001
2021-11-29 16:00:03.607,35,Beggin',3Wrjm47oTz2sjIgck11l5e,Chosen,Måneskin,2017-12-08
2021-11-29 16:00:03.607,36,Kiss Me More (feat. SZA),3DarAbFujv6eYNliUTyqtz,Planet Her,Doja Cat,2021-06-25
2021-11-29 16:00:03.607,37,Underneath the Tree,3nAp4IvdMPPWEH9uuXFFV5,Wrapped In Red,Kelly Clarkson,2013-10-25
2021-11-29 16:00:03.607,38,MONTERO (Call Me By Your Name),1SC5rEoYDGUK4NfG82494W,MONTERO,Lil Nas X,2021-09-17
2021-11-29 16:00:03.607,39,Happier Than Ever,4RVwu0g32PAqgUiJoXsdF8,Happier Than Ever,Billie Eilish,2021-07-30
2021-11-29 16:00:03.607,40,SAD GIRLZ LUV MONEY Remix (feat. Kali Uchis and Moliy),09gysnJpfQ3ublBmJDfcEC,SAD GIRLZ LUV MONEY Remix (feat. Kali Uchis and Moliy),Amaarae,2021-09-16
2021-11-29 16:00:03.607,41,Ghost,6I3mqTwhRpn34SLVafSH7G,Justice,Justin Bieber,2021-03-19
2021-11-29 16:00:03.607,42,Can I Get It,6w8ZPYdnGajyfPddTWdthN,30,Adele,2021-11-19
2021-11-29 16:00:03.607,43,Driving Home for Christmas - 2019 Remaster,27qAMKrDdKEs8HDXcvR24R,"Dancing with Strangers (Deluxe Edition, 2019 Remaster)",Chris Rea,1987-08-02
2021-11-29 16:00:03.607,44,Lo Siento BB:/ (with Bad Bunny & Julieta Venegas),4gzsuuZypVbxs0Af1LSZyB,Lo Siento BB:/ (with Bad Bunny & Julieta Venegas),Tainy,2021-10-05
2021-11-29 16:00:03.607,45,Yonaguni,2JPLbjOn0wPCngEot2STUS,Yonaguni,Bad Bunny,2021-06-04
2021-11-29 16:00:03.607,46,Snowman,7uoFMmxln0GPXQ0AcCBXRq,Everyday Is Christmas (Deluxe Edition),Sia,2018-11-01
2021-11-29 16:00:03.607,47,Let It Snow! Let It Snow! Let It Snow! (with The B. Swanson Quartet),4kKdvXD0ez7jp1296JmAts,Christmas Songs by Sinatra,Frank Sinatra,1994-11-08
2021-11-29 16:00:03.607,48,Blinding Lights,0VjIjW4GlUZAMYd2vXMi3b,After Hours,The Weeknd,2020-03-20
2021-11-29 16:00:03.607,49,Where Are You Now,3uUuGVFu1V7jTQL60S1r8z,Where Are You Now,Lost Frequencies,2021-07-30
2021-11-29 16:00:03.607,50,Moth To A Flame (with The Weeknd),2gpWyfu7eZ01zzncHpxOtA,Moth To A Flame,Swedish House Mafia,2021-10-22
2021-11-30 16:00:04.874,1,Easy On Me,46IZ0fSY2mpAiktS3KOqds,30,Adele,2021-11-19
2021-11-30 16:00:04.874,2,STAY (with Justin Bieber),5PjdY0CKGZdEuoNab3yDmX,F*CK LOVE 3: OVER YOU,The Kid LAROI,2021-07-23
2021-11-30 16:00:04.874,3,INDUSTRY BABY (feat. Jack Harlow),5Z9KJZvQzH6PFmb8SNkxuk,MONTERO,Lil Nas X,2021-09-17
2021-11-30 16:00:04.874,4,abcdefu,4fouWK6XVHhzl78KzQ1UjL,abcdefu,GAYLE,2021-08-13
2021-11-30 16:00:04.874,5,All Too Well (10 Minute Version) (Taylor's Version) (From The Vault),5enxwA8aAbwZbf5qCHORXi,Red (Taylor's Version),Taylor Swift,2021-11-12
2021-11-30 16:00:04.874,6,Cold Heart - PNAU Remix,7rglLriMNBPAyuJOMGwi39,The Lockdown Sessions,Elton John,2021-10-22
2021-11-30 16:00:04.874,7,Heat Waves,02MWAaffLxlfxAUY7c5dvx,Dreamland (+ Bonus Levels),Glass Animals,2020-08-06
2021-11-30 16:00:04.874,8,Enemy (with JID) - from the series Arcane League of Legends,1r9xUipOqoNwggBpENDsvJ,Enemy (with JID) [from the series Arcane League of Legends],Imagine Dragons,2021-10-28
2021-11-30 16:00:04.874,9,Shivers,50nfwKoDiSYg8zOCREWAm5,=,Ed Sheeran,2021-10-29
2021-11-30 16:00:04.874,10,Oh My God,3Kkjo3cT83cw09VJyrLNwX,30,Adele,2021-11-19
2021-11-30 16:00:04.874,11,All I Want for Christmas Is You,0bYg9bo50gSsH3LtXe2SQn,Merry Christmas,Mariah Carey,1994-11-01
2021-11-30 16:00:04.874,12,Pepas,2B4GHvToeLTOBB4QLzW3Ni,La 167,Farruko,2021-10-01
2021-11-30 16:00:04.874,13,Bad Habits,3rmo8F54jFF8OgYsqTxm5d,=,Ed Sheeran,2021-10-29
2021-11-30 16:00:04.874,14,My Universe,46HNZY1i7O6jwTA7Slo2PI,Music Of The Spheres,Coldplay,2021-10-15
2021-11-30 16:00:04.874,15,Do It To It,20on25jryn53hWghthWWW3,Do It To It,ACRAZE,2021-08-20
2021-11-30 16:00:04.874,16,Smokin Out The Window,7sMBvZCSUl99bJLXZaLa0b,An Evening With Silk Sonic,Bruno Mars,2021-11-11
2021-11-30 16:00:04.874,17,Woman,6Uj1ctrBOjOas8xZXGqKk4,Planet Her,Doja Cat,2021-06-25
2021-11-30 16:00:04.874,18,Last Christmas,2FRnf9qhLbvw8fu4IBXx78,LAST CHRISTMAS,Wham!,1984-11-29
2021-11-30 16:00:04.874,19,MONEY,7hU3IHwjX150XLoTVmjD0q,LALISA,LISA,2021-09-10
2021-11-30 16:00:04.874,20,One Right Now (with The Weeknd),00Blm7zeNqgYLPtW6zg8cj,One Right Now,Post Malone,2021-11-05
2021-11-30 16:00:04.874,21,love nwantiti (ah ah ah),2Xr1dTzJee307rmrkt8c0g,CKay The First,CKay,2019-08-30
2021-11-30 16:00:04.874,22,Toxic,2gQPv5jvVPqU2a9HhMNO1v,Toxic,BoyWithUke,2021-10-29
2021-11-30 16:00:04.874,23,good 4 u,4ZtFanR9U6ndgddUvNcjcG,SOUR,Olivia Rodrigo,2021-05-21
2021-11-30 16:00:04.874,24,Need to Know,3Vi5XqYrmQgOYBajMWSvCi,Planet Her,Doja Cat,2021-06-25
2021-11-30 16:00:04.874,25,THATS WHAT I WANT,0e8nrvls4Qqv5Rfa2UhqmO,MONTERO,Lil Nas X,2021-09-17
2021-11-30 16:00:04.874,26,love nwantiti (feat. Dj Yo! & AX'EL) - Remix,4gvrJnKCKIPiacNsWVQwEU,love nwantiti (feat. Dj Yo! & AX'EL) [Remix],CKay,2021-09-09
2021-11-30 16:00:04.874,27,Kiss Me More (feat. SZA),3DarAbFujv6eYNliUTyqtz,Planet Her,Doja Cat,2021-06-25
2021-11-30 16:00:04.874,28,It's Beginning to Look a Lot like Christmas,0lLdorYw7lVrJydTINhWdI,Christmas,Michael Bublé,2011-10-14
2021-11-30 16:00:04.874,29,Beggin',3Wrjm47oTz2sjIgck11l5e,Chosen,Måneskin,2017-12-08
2021-11-30 16:00:04.874,30,Ghost,6I3mqTwhRpn34SLVafSH7G,Justice,Justin Bieber,2021-03-19
2021-11-30 16:00:04.874,31,SAD GIRLZ LUV MONEY Remix (feat. Kali Uchis and Moliy),09gysnJpfQ3ublBmJDfcEC,SAD GIRLZ LUV MONEY Remix (feat. Kali Uchis and Moliy),Amaarae,2021-09-16
2021-11-30 16:00:04.874,32,Happier Than Ever,4RVwu0g32PAqgUiJoXsdF8,Happier Than Ever,Billie Eilish,2021-07-30
2021-11-30 16:00:04.874,33,Jingle Bell Rock,7vQbuQcyTflfCIOu3Uzzya,Jingle Bell Rock/Captain Santa Claus (And His Reindeer Space Patrol),Bobby Helms,1957-12-02
2021-11-30 16:00:04.874,34,MONTERO (Call Me By Your Name),1SC5rEoYDGUK4NfG82494W,MONTERO,Lil Nas X,2021-09-17
2021-11-30 16:00:04.874,35,Rockin' Around The Christmas Tree,2EjXfH91m7f8HiJN1yQg97,Merry Christmas From Brenda Lee,Brenda Lee,1964-10-19
2021-11-30 16:00:04.874,36,Can I Get It,6w8ZPYdnGajyfPddTWdthN,30,Adele,2021-11-19
2021-11-30 16:00:04.874,37,Moth To A Flame (with The Weeknd),2gpWyfu7eZ01zzncHpxOtA,Moth To A Flame,Swedish House Mafia,2021-10-22
2021-11-30 16:00:04.874,38,Where Are You Now,3uUuGVFu1V7jTQL60S1r8z,Where Are You Now,Lost Frequencies,2021-07-30
2021-11-30 16:00:04.874,39,Lo Siento BB:/ (with Bad Bunny & Julieta Venegas),4gzsuuZypVbxs0Af1LSZyB,Lo Siento BB:/ (with Bad Bunny & Julieta Venegas),Tainy,2021-10-05
2021-11-30 16:00:04.874,40,White Christmas,4so0Wek9Ig1p6CRCHuINwW,Holiday Inn (Original Motion Picture Soundtrack),Bing Crosby,1942-01-01
2021-11-30 16:00:04.874,41,Santa Tell Me,0lizgQ7Qw35od7CYaoMBZb,Santa Tell Me,Ariana Grande,2014-11-24
2021-11-30 16:00:04.874,42,Blinding Lights,0VjIjW4GlUZAMYd2vXMi3b,After Hours,The Weeknd,2020-03-20
2021-11-30 16:00:04.874,43,Yonaguni,2JPLbjOn0wPCngEot2STUS,Yonaguni,Bad Bunny,2021-06-04
2021-11-30 16:00:04.874,44,Meet Me At Our Spot,07MDkzWARZaLEdKxo6yArG,THE ANXIETY,THE ANXIETY,2020-03-13
2021-11-30 16:00:04.874,45,I Love You So,4SqWKzw0CbA05TGszDgMlc,I Love You So,The Walters,2014-11-28
2021-11-30 16:00:04.874,46,traitor,5CZ40GBx1sQ9agT82CLQCT,SOUR,Olivia Rodrigo,2021-05-21
2021-11-30 16:00:04.874,47,I Drink Wine,6v0UJD4a2FtleHeSYVX02A,30,Adele,2021-11-19
2021-11-30 16:00:04.874,48,It's the Most Wonderful Time of the Year,1IcR6RlgvDczfvoWJSSY2A,The Andy Williams Christmas Album,Andy Williams,1963
2021-11-30 16:00:04.874,49,Life Goes On,0eu4C55hL6x29mmeAjytzC,"Ugly is Beautiful: Shorter, Thicker & Uglier (Deluxe)",Oliver Tree,2021-05-28
2021-11-30 16:00:04.874,50,My Little Love,2DuPBbS5mIldXnh7Wum8Cy,30,Adele,2021-11-19
2021-12-01 16:00:05.79,1,Easy On Me,46IZ0fSY2mpAiktS3KOqds,30,Adele,2021-11-19
2021-12-01 16:00:05.79,2,STAY (with Justin Bieber),5PjdY0CKGZdEuoNab3yDmX,F*CK LOVE 3: OVER YOU,The Kid LAROI,2021-07-23
2021-12-01 16:00:05.79,3,abcdefu,4fouWK6XVHhzl78KzQ1UjL,abcdefu,GAYLE,2021-08-13
2021-12-01 16:00:05.79,4,INDUSTRY BABY (feat. Jack Harlow),5Z9KJZvQzH6PFmb8SNkxuk,MONTERO,Lil Nas X,2021-09-17
2021-12-01 16:00:05.79,5,Cold Heart - PNAU Remix,7rglLriMNBPAyuJOMGwi39,The Lockdown Sessions,Elton John,2021-10-22
2021-12-01 16:00:05.79,6,Enemy (with JID) - from the series Arcane League of Legends,1r9xUipOqoNwggBpENDsvJ,Enemy (with JID) [from the series Arcane League of Legends],Imagine Dragons,2021-10-28
2021-12-01 16:00:05.79,7,Heat Waves,02MWAaffLxlfxAUY7c5dvx,Dreamland (+ Bonus Levels),Glass Animals,2020-08-06
2021-12-01 16:00:05.79,8,All Too Well (10 Minute Version) (Taylor's Version) (From The Vault),5enxwA8aAbwZbf5qCHORXi,Red (Taylor's Version),Taylor Swift,2021-11-12
2021-12-01 16:00:05.79,9,Shivers,50nfwKoDiSYg8zOCREWAm5,=,Ed Sheeran,2021-10-29
2021-12-01 16:00:05.79,10,All I Want for Christmas Is You,0bYg9bo50gSsH3LtXe2SQn,Merry Christmas,Mariah Carey,1994-11-01
2021-12-01 16:00:05.79,11,Oh My God,3Kkjo3cT83cw09VJyrLNwX,30,Adele,2021-11-19
2021-12-01 16:00:05.79,12,Pepas,2B4GHvToeLTOBB4QLzW3Ni,La 167,Farruko,2021-10-01
2021-12-01 16:00:05.79,13,Bad Habits,3rmo8F54jFF8OgYsqTxm5d,=,Ed Sheeran,2021-10-29
2021-12-01 16:00:05.79,14,Do It To It,20on25jryn53hWghthWWW3,Do It To It,ACRAZE,2021-08-20
2021-12-01 16:00:05.79,15,My Universe,46HNZY1i7O6jwTA7Slo2PI,Music Of The Spheres,Coldplay,2021-10-15
2021-12-01 16:00:05.79,16,Woman,6Uj1ctrBOjOas8xZXGqKk4,Planet Her,Doja Cat,2021-06-25
2021-12-01 16:00:05.79,17,Smokin Out The Window,7sMBvZCSUl99bJLXZaLa0b,An Evening With Silk Sonic,Bruno Mars,2021-11-11
2021-12-01 16:00:05.79,18,Last Christmas,2FRnf9qhLbvw8fu4IBXx78,LAST CHRISTMAS,Wham!,1984-11-29
2021-12-01 16:00:05.79,19,MONEY,7hU3IHwjX150XLoTVmjD0q,LALISA,LISA,2021-09-10
2021-12-01 16:00:05.79,20,One Right Now (with The Weeknd),00Blm7zeNqgYLPtW6zg8cj,One Right Now,Post Malone,2021-11-05
2021-12-01 16:00:05.79,21,love nwantiti (ah ah ah),2Xr1dTzJee307rmrkt8c0g,CKay The First,CKay,2019-08-30
2021-12-01 16:00:05.79,22,good 4 u,4ZtFanR9U6ndgddUvNcjcG,SOUR,Olivia Rodrigo,2021-05-21
2021-12-01 16:00:05.79,23,Toxic,2gQPv5jvVPqU2a9HhMNO1v,Toxic,BoyWithUke,2021-10-29
2021-12-01 16:00:05.79,24,Need to Know,3Vi5XqYrmQgOYBajMWSvCi,Planet Her,Doja Cat,2021-06-25
2021-12-01 16:00:05.79,25,THATS WHAT I WANT,0e8nrvls4Qqv5Rfa2UhqmO,MONTERO,Lil Nas X,2021-09-17
2021-12-01 16:00:05.79,26,love nwantiti (feat. Dj Yo! & AX'EL) - Remix,4gvrJnKCKIPiacNsWVQwEU,love nwantiti (feat. Dj Yo! & AX'EL) [Remix],CKay,2021-09-09
2021-12-01 16:00:05.79,27,It's Beginning to Look a Lot like Christmas,0lLdorYw7lVrJydTINhWdI,Christmas,Michael Bublé,2011-10-14
2021-12-01 16:00:05.79,28,Beggin',3Wrjm47oTz2sjIgck11l5e,Chosen,Måneskin,2017-12-08
2021-12-01 16:00:05.79,29,Kiss Me More (feat. SZA),3DarAbFujv6eYNliUTyqtz,Planet Her,Doja Cat,2021-06-25
2021-12-01 16:00:05.79,30,Ghost,6I3mqTwhRpn34SLVafSH7G,Justice,Justin Bieber,2021-03-19
2021-12-01 16:00:05.79,31,Jingle Bell Rock,7vQbuQcyTflfCIOu3Uzzya,Jingle Bell Rock/Captain Santa Claus (And His Reindeer Space Patrol),Bobby Helms,1957-12-02
2021-12-01 16:00:05.79,32,Happier Than Ever,4RVwu0g32PAqgUiJoXsdF8,Happier Than Ever,Billie Eilish,2021-07-30
2021-12-01 16:00:05.79,33,SAD GIRLZ LUV MONEY Remix (feat. Kali Uchis and Moliy),09gysnJpfQ3ublBmJDfcEC,SAD GIRLZ LUV MONEY Remix (feat. Kali Uchis and Moliy),Amaarae,2021-09-16
2021-12-01 16:00:05.79,34,MONTERO (Call Me By Your Name),1SC5rEoYDGUK4NfG82494W,MONTERO,Lil Nas X,2021-09-17
2021-12-01 16:00:05.79,35,Rockin' Around The Christmas Tree,2EjXfH91m7f8HiJN1yQg97,Merry Christmas From Brenda Lee,Brenda Lee,1964-10-19
2021-12-01 16:00:05.79,36,Moth To A Flame (with The Weeknd),2gpWyfu7eZ01zzncHpxOtA,Moth To A Flame,Swedish House Mafia,2021-10-22
2021-12-01 16:00:05.79,37,Where Are You Now,3uUuGVFu1V7jTQL60S1r8z,Where Are You Now,Lost Frequencies,2021-07-30
2021-12-01 16:00:05.79,38,Lo Siento BB:/ (with Bad Bunny & Julieta Venegas),4gzsuuZypVbxs0Af1LSZyB,Lo Siento BB:/ (with Bad Bunny & Julieta Venegas),Tainy,2021-10-05
2021-12-01 16:00:05.79,39,Santa Tell Me,0lizgQ7Qw35od7CYaoMBZb,Santa Tell Me,Ariana Grande,2014-11-24
2021-12-01 16:00:05.79,40,Can I Get It,6w8ZPYdnGajyfPddTWdthN,30,Adele,2021-11-19
2021-12-01 16:00:05.79,41,Yonaguni,2JPLbjOn0wPCngEot2STUS,Yonaguni,Bad Bunny,2021-06-04
2021-12-01 16:00:05.79,42,Blinding Lights,0VjIjW4GlUZAMYd2vXMi3b,After Hours,The Weeknd,2020-03-20
2021-12-01 16:00:05.79,43,Meet Me At Our Spot,07MDkzWARZaLEdKxo6yArG,THE ANXIETY,THE ANXIETY,2020-03-13
2021-12-01 16:00:05.79,44,I Love You So,4SqWKzw0CbA05TGszDgMlc,I Love You So,The Walters,2014-11-28
2021-12-01 16:00:05.79,45,White Christmas,4so0Wek9Ig1p6CRCHuINwW,Holiday Inn (Original Motion Picture Soundtrack),Bing Crosby,1942-01-01
2021-12-01 16:00:05.79,46,traitor,5CZ40GBx1sQ9agT82CLQCT,SOUR,Olivia Rodrigo,2021-05-21
2021-12-01 16:00:05.79,47,It's the Most Wonderful Time of the Year,1IcR6RlgvDczfvoWJSSY2A,The Andy Williams Christmas Album,Andy Williams,1963
2021-12-01 16:00:05.79,48,Life Goes On,0eu4C55hL6x29mmeAjytzC,"Ugly is Beautiful: Shorter, Thicker & Uglier (Deluxe)",Oliver Tree,2021-05-28
2021-12-01 16:00:05.79,49,Mon Amour - Remix,5TMLavqGRKNxgzMBrVpC9R,Mon Amour (Remix),zzoilo,2021-08-18
2021-12-01 16:00:05.79,50,I Drink Wine,6v0UJD4a2FtleHeSYVX02A,30,Adele,2021-11-19
2021-12-02 16:00:03.942,1,Easy On Me,46IZ0fSY2mpAiktS3KOqds,30,Adele,2021-11-19
2021-12-02 16:00:03.942,2,STAY (with Justin Bieber),5PjdY0CKGZdEuoNab3yDmX,F*CK LOVE 3: OVER YOU,The Kid LAROI,2021-07-23
2021-12-02 16:00:03.942,3,INDUSTRY BABY (feat. Jack Harlow),5Z9KJZvQzH6PFmb8SNkxuk,MONTERO,Lil Nas X,2021-09-17
2021-12-02 16:00:03.942,4,abcdefu,4fouWK6XVHhzl78KzQ1UjL,abcdefu,GAYLE,2021-08-13
2021-12-02 16:00:03.942,5,Heat Waves,02MWAaffLxlfxAUY7c5dvx,Dreamland (+ Bonus Levels),Glass Animals,2020-08-06
2021-12-02 16:00:03.942,6,Cold Heart - PNAU Remix,7rglLriMNBPAyuJOMGwi39,The Lockdown Sessions,Elton John,2021-10-22
2021-12-02 16:00:03.942,7,All I Want for Christmas Is You,0bYg9bo50gSsH3LtXe2SQn,Merry Christmas,Mariah Carey,1994-11-01
2021-12-02 16:00:03.942,8,Enemy (with JID) - from the series Arcane League of Legends,1r9xUipOqoNwggBpENDsvJ,Enemy (with JID) [from the series Arcane League of Legends],Imagine Dragons,2021-10-28
2021-12-02 16:00:03.942,9,All Too Well (10 Minute Version) (Taylor's Version) (From The Vault),5enxwA8aAbwZbf5qCHORXi,Red (Taylor's Version),Taylor Swift,2021-11-12
2021-12-02 16:00:03.942,10,Shivers,50nfwKoDiSYg8zOCREWAm5,=,Ed Sheeran,2021-10-29
2021-12-02 16:00:03.942,11,Last Christmas,2FRnf9qhLbvw8fu4IBXx78,LAST CHRISTMAS,Wham!,1984-11-29
2021-12-02 16:00:03.942,12,Bad Habits,3rmo8F54jFF8OgYsqTxm5d,=,Ed Sheeran,2021-10-29
2021-12-02 16:00:03.942,13,Pepas,2B4GHvToeLTOBB4QLzW3Ni,La 167,Farruko,2021-10-01
2021-12-02 16:00:03.942,14,Oh My God,3Kkjo3cT83cw09VJyrLNwX,30,Adele,2021-11-19
2021-12-02 16:00:03.942,15,My Universe,46HNZY1i7O6jwTA7Slo2PI,Music Of The Spheres,Coldplay,2021-10-15
2021-12-02 16:00:03.942,16,Do It To It,20on25jryn53hWghthWWW3,Do It To It,ACRAZE,2021-08-20
2021-12-02 16:00:03.942,17,good 4 u,4ZtFanR9U6ndgddUvNcjcG,SOUR,Olivia Rodrigo,2021-05-21
2021-12-02 16:00:03.942,18,Woman,6Uj1ctrBOjOas8xZXGqKk4,Planet Her,Doja Cat,2021-06-25
2021-12-02 16:00:03.942,19,It's Beginning to Look a Lot like Christmas,0lLdorYw7lVrJydTINhWdI,Christmas,Michael Bublé,2011-10-14
2021-12-02 16:00:03.942,20,Smokin Out The Window,7sMBvZCSUl99bJLXZaLa0b,An Evening With Silk Sonic,Bruno Mars,2021-11-11
2021-12-02 16:00:03.942,21,Jingle Bell Rock,7vQbuQcyTflfCIOu3Uzzya,Jingle Bell Rock/Captain Santa Claus (And His Reindeer Space Patrol),Bobby Helms,1957-12-02
2021-12-02 16:00:03.942,22,MONEY,7hU3IHwjX150XLoTVmjD0q,LALISA,LISA,2021-09-10
2021-12-02 16:00:03.942,23,Kiss Me More (feat. SZA),3DarAbFujv6eYNliUTyqtz,Planet Her,Doja Cat,2021-06-25
2021-12-02 16:00:03.942,24,Rockin' Around The Christmas Tree,2EjXfH91m7f8HiJN1yQg97,Merry Christmas From Brenda Lee,Brenda Lee,1964-10-19
2021-12-02 16:00:03.942,25,MONTERO (Call Me By Your Name),1SC5rEoYDGUK4NfG82494W,MONTERO,Lil Nas X,2021-09-17
2021-12-02 16:00:03.942,26,love nwantiti (ah ah ah),2Xr1dTzJee307rmrkt8c0g,CKay The First,CKay,2019-08-30
2021-12-02 16:00:03.942,27,Need to Know,3Vi5XqYrmQgOYBajMWSvCi,Planet Her,Doja Cat,2021-06-25
2021-12-02 16:00:03.942,28,Santa Tell Me,0lizgQ7Qw35od7CYaoMBZb,Santa Tell Me,Ariana Grande,2014-11-24
2021-12-02 16:00:03.942,29,Toxic,2gQPv5jvVPqU2a9HhMNO1v,Toxic,BoyWithUke,2021-10-29
2021-12-02 16:00:03.942,30,One Right Now (with The Weeknd),00Blm7zeNqgYLPtW6zg8cj,One Right Now,Post Malone,2021-11-05
2021-12-02 16:00:03.942,31,Beggin',3Wrjm47oTz2sjIgck11l5e,Chosen,Måneskin,2017-12-08
2021-12-02 16:00:03.942,32,Happier Than Ever,4RVwu0g32PAqgUiJoXsdF8,Happier Than Ever,Billie Eilish,2021-07-30
2021-12-02 16:00:03.942,33,love nwantiti (feat. Dj Yo! & AX'EL) - Remix,4gvrJnKCKIPiacNsWVQwEU,love nwantiti (feat. Dj Yo! & AX'EL) [Remix],CKay,2021-09-09
2021-12-02 16:00:03.942,34,THATS WHAT I WANT,0e8nrvls4Qqv5Rfa2UhqmO,MONTERO,Lil Nas X,2021-09-17
2021-12-02 16:00:03.942,35,Ghost,6I3mqTwhRpn34SLVafSH7G,Justice,Justin Bieber,2021-03-19
2021-12-02 16:00:03.942,36,Yonaguni,2JPLbjOn0wPCngEot2STUS,Yonaguni,Bad Bunny,2021-06-04
2021-12-02 16:00:03.942,37,It's the Most Wonderful Time of the Year,1IcR6RlgvDczfvoWJSSY2A,The Andy Williams Christmas Album,Andy Williams,1963
2021-12-02 16:00:03.942,38,Blinding Lights,0VjIjW4GlUZAMYd2vXMi3b,After Hours,The Weeknd,2020-03-20
2021-12-02 16:00:03.942,39,traitor,5CZ40GBx1sQ9agT82CLQCT,SOUR,Olivia Rodrigo,2021-05-21
2021-12-02 16:00:03.942,40,Lo Siento BB:/ (with Bad Bunny & Julieta Venegas),4gzsuuZypVbxs0Af1LSZyB,Lo Siento BB:/ (with Bad Bunny & Julieta Venegas),Tainy,2021-10-05
2021-12-02 16:00:03.942,41,drivers license,5wANPM4fQCJwkGd4rN57mH,SOUR,Olivia Rodrigo,2021-05-21
2021-12-02 16:00:03.942,42,SAD GIRLZ LUV MONEY Remix (feat. Kali Uchis and Moliy),09gysnJpfQ3ublBmJDfcEC,SAD GIRLZ LUV MONEY Remix (feat. Kali Uchis and Moliy),Amaarae,2021-09-16
2021-12-02 16:00:03.942,43,Where Are You Now,3uUuGVFu1V7jTQL60S1r8z,Where Are You Now,Lost Frequencies,2021-07-30
2021-12-02 16:00:03.942,44,Moth To A Flame (with The Weeknd),2gpWyfu7eZ01zzncHpxOtA,Moth To A Flame,Swedish House Mafia,2021-10-22
2021-12-02 16:00:03.942,45,Levitating (feat. DaBaby),5nujrmhLynf4yMoMtj8AQF,Future Nostalgia,Dua Lipa,2020-03-27
2021-12-02 16:00:03.942,46,Meet Me At Our Spot,07MDkzWARZaLEdKxo6yArG,THE ANXIETY,THE ANXIETY,2020-03-13
2021-12-02 16:00:03.942,47,I Love You So,4SqWKzw0CbA05TGszDgMlc,I Love You So,The Walters,2014-11-28
2021-12-02 16:00:03.942,48,Mistletoe,7xapw9Oy21WpfEcib2ErSA,Under The Mistletoe (Deluxe Edition),Justin Bieber,2011-01-01
2021-12-02 16:00:03.942,49,Todo De Ti,5RwV8BvLfX5injfqYodke9,VICE VERSA,Rauw Alejandro,2021-06-25
2021-12-02 16:00:03.942,50,Mon Amour - Remix,5TMLavqGRKNxgzMBrVpC9R,Mon Amour (Remix),zzoilo,2021-08-18
